제목,수요기관,공고일시,마감일시
[20241030220-00] 대전시 도시재생 성과관리 역량강화 워크숍 운영 용역(수의시담),재단법인 대전세종연구원,2024/10/28 10:51,2024/10/29 15:00
[20241028493-00] 울주군 온산 도시재생대학 운영 용역(협상에 의한 계약),울산광역시 울주군,2024/10/25 10:32,-
[20241017928-01] 울주군 온산 도시재생대학 운영 용역,울산광역시 울주군,2024/10/25 10:15,-
[20241028046-00] 백운광장 도시재생 마을기록화 사업 용역,광주광역시 남구,2024/10/24 18:47,2024/10/30 10:00
[20241027673-00] 덕정 도시재생사업 「마을미디어 만들기 운영 용역」 협상에 의한 계약(긴급),경기도 양주시,2024/10/24 16:33,-
[20241026944-01] 백운광장 도시재생 마을기록화 사업 용역,광주광역시 남구,2024/10/24 15:40,2024/10/30 10:00
[20241026178-00] 청주시 도시재생사업 계획 수립 및 공모 추진 용역 제안서제출 안내,충청북도 청주시,2024/10/23 17:46,-
"[20241023652-00] 도시재생사업(Green 생활지원센터, 해오름센터) 통합건설사업관리 용역(PQ 가격입찰)",경상북도 봉화군,2024/10/22 15:09,2024/10/25 10:00
[20241018793-00] 거창군 전통시장지구 도시재생 활성화계획 수립 용역,경상남도 거창군,2024/10/17 20:13,2024/11/07 10:00
[20241005355-01] 거창군 전통시장지구 도시재생 활성화계획 수립 용역(협상에 의한 계약),경상남도 거창군,2024/10/17 16:40,2024/11/04 10:00
[20241018386-00] 화성시 병점 도시재생뉴딜 스마트 리빙랩 운영 용역,경기도 화성시,2024/10/17 16:37,2024/10/28 16:00
[20241016630-01] 화성시 병점 도시재생뉴딜 스마트 리빙랩 운영 용역,경기도 화성시,2024/10/17 16:20,2024/10/28 16:00
[20241016910-00] 도시재생(화지마을) 조성사업 폐기물 처리용역,충청남도 논산시,2024/10/17 08:07,2024/10/24 14:00
[20241016567-00] 강남동 도시재생사업(원도심 연결로 경관개선-도로정비) 폐기물처리용역,강원특별자치도 강릉시,2024/10/16 17:33,2024/10/22 10:00
[20241016252-00] 춘양 의양지구 도시재생 인정사업(늘봄춘양 건립) 폐기물처리용역(긴급),경상북도 봉화군,2024/10/16 16:06,2024/10/22 10:00
[20241015719-00] 청계면 도시재생 지역역량강화 운영 및 주민제안사업 추진 용역,전라남도 무안군,2024/10/16 13:54,-
[20241013168-00] 진부면 도시재생활성화 계획 수립 용역,강원특별자치도 평창군,2024/10/16 08:58,-
[20241014611-00] 영암읍 도시재생 편입건물(제일병원) 철거공사 폐기물처리용역,전라남도 영암군,2024/10/15 17:47,2024/10/21 10:00
[20241012648-00] 비룡공감2080 도시재생사업의 감독권한대행 등 통합건설사업관리용역,인천도시공사,2024/10/14 18:09,-
[20241010361-00] 영광읍 도동지구 도시재생 뉴딜사업(뉴트로어울림센터) 철거공사 폐기물처리용역,전라남도 영광군,2024/10/11 16:49,2024/10/17 11:00
"[20241007016-00] ... 해남군 도시재생 뉴딜사업 공유주방, 특산물 만들기 프로그램 운용 ...",전라남도 해남군,2024/10/08 17:42,-
"[20241002356-01] ... 해남군 도시재생 뉴딜사업 공유주방, 특산물 만들기 프로그램 운용 ...",전라남도 해남군,2024/10/08 17:27,-
"[20241006599-00] (협상에 의한 계약)성남,옥천지구 도시재생활성화지역 통합경관계획 수립용역",경기도 안성시,2024/10/08 17:18,-
[20241006590-00] 문화동 도시재생 보행길 조성공사 폐기물처리용역,충청북도 충주시,2024/10/08 15:37,2024/10/15 10:00
[20241005988-00] 도시재생뉴딜사업(윗장뜰) 메리놀 마을창작소 조성사업 폐기물처리용역,충청북도 증평군,2024/10/08 11:35,2024/10/14 10:00
[20241005967-00] 덕정 도시재생사업 건강·복지 프로그램 운영 인력을 위한 인적자원 발굴 용역(긴급),경기도 양주시,2024/10/08 11:21,-
[20241004692-00] 덕정 도시재생사업 「마을미디어 만들기 운영 용역」 협상에 의한 계약(긴급),경기도 양주시,2024/10/07 15:30,-
[20241003651-00] 창원시 문화지구 도시재생활성화계획 수립 용역,경상남도 창원시,2024/10/07 09:13,-
[20241001425-00] ... 성내지구 도시재생 커뮤니티센터 신축공사 ...,경상남도 고성군,2024/10/02 17:04,2024/10/11 10:00
[20241001571-00] 내토로27길 도시재생 지역 지중화 구간 도로복구공사 실시설계용역,충청북도 제천시,2024/10/02 17:02,2024/10/10 10:00
[20241001310-00] 청주시 도시재생사업 계획 수립 및 공모 추진 용역 제안서제출 안내,충청북도 청주시,2024/10/02 16:02,-
[20241001158-00] 2024년 서산시 동문동 도시재생대학 운영 용역,충청남도 서산시,2024/10/02 15:08,2024/10/10 16:00
[20241001077-00] 동문동 도시재생 뉴딜사업(로컬인서산) 기본 및 실시설계(간이공모) 용역,충청남도 서산시,2024/10/02 14:47,-
[20241000144-00] 동두천시 우리동네살리기 도시재생사업 실행계획 수립 용역(긴급),경기도 동두천시,2024/10/02 14:04,-
[20241000722-00] 담양읍 도시재생 보행환경 개선사업 폐기물처리용역 견적제출공고,전라남도 담양군,2024/10/02 12:15,2024/10/10 10:00
[20240927532-00] 2024년 동문동 도시재생 창업 교육프로그램 운영 용역,충청남도 서산시,2024/09/30 13:52,2024/10/08 10:00
[20241031223-00] 강진군 관내 등 2개 노선 제설작업용역,국토교통부 익산지방국토관리청 광주국토관리사무소,2024/10/28 16:15,2024/11/04 10:00
[20241031189-00] 2024년 기흥구 어린이보호구역 개선사업(서천초) 폐기물 처리용역,경기도 용인시 기흥구,2024/10/28 16:12,2024/11/01 10:00
[20241031203-00] 대화도서관 그린리모델링 사업 건축설계공모(제안공모)(긴급),경기도 고양시,2024/10/28 16:09,-
[20241031209-00] 해남군 관내 등 4개 노선 제설작업용역,국토교통부 익산지방국토관리청 광주국토관리사무소,2024/10/28 16:09,2024/11/04 10:00
[20241027224-00] 광주 신창동유적 종합정비계획 수립 연구 용역(협상),광주광역시 광산구,2024/10/28 16:09,-
[20241031196-00] 목포시 관내 등 1개 노선 제설작업용역,국토교통부 익산지방국토관리청 광주국토관리사무소,2024/10/28 16:06,2024/11/04 10:00
[20241031190-00] 팽성읍 두정리 보건진료소 일원 노후관 교체공사 건설폐기물처리용역,경기도 평택시 상하수도사업소,2024/10/28 16:05,2024/11/01 10:00
[20241031182-00] 신안군 관내 등 3개 노선 제설작업용역,국토교통부 익산지방국토관리청 광주국토관리사무소,2024/10/28 16:02,2024/11/04 10:00
[20241031167-00] 화순군 관내 등 3개 노선 제설작업용역,국토교통부 익산지방국토관리청 광주국토관리사무소,2024/10/28 15:58,2024/11/04 10:00
[20241031153-00] 담양군 관내 등 3개 노선 제설작업용역,국토교통부 익산지방국토관리청 광주국토관리사무소,2024/10/28 15:52,2024/11/04 10:00
[20241031131-00] 영암군 관내 등 2개 노선 제설작업용역,국토교통부 익산지방국토관리청 광주국토관리사무소,2024/10/28 15:49,2024/11/04 10:00
[20241031110-00] 나주시 관내 등 3개 노선 제설작업 용역,국토교통부 익산지방국토관리청 광주국토관리사무소,2024/10/28 15:44,2024/11/04 10:00
[20241030743-00] 송파경찰서 신축 설계용역(전기),경찰청 서울특별시경찰청,2024/10/28 15:40,2024/11/20 10:00
[20241030588-00] 인천세관 청사신축사업 전기 설계용역,관세청 인천세관,2024/10/28 15:39,2024/11/20 10:00
[20241031092-00] 2024년 치유·도시농업 역량강화교육 용역,서울특별시 농업기술센터,2024/10/28 15:37,2024/10/28 16:00
[20241030712-00] (긴급)경북대구낙농농협 TMR사료공장 신축 공사 감리 용역,경북대구낙농협동조합,2024/10/28 15:26,-
[20241031020-00] 내포신도시 RH14 출입구 인근시설개선 건설폐기물 처리용역 소액수의 견적 제출안내,충청남도개발공사,2024/10/28 15:26,2024/11/01 10:00
[20241031005-01] 장성군 관내 등 2개 노선 제설작업용역,국토교통부 익산지방국토관리청 광주국토관리사무소,2024/10/28 15:23,2024/11/04 10:00
[20241030985-00] 영광군 관내 등 3개 노선 제설작업용역,국토교통부 익산지방국토관리청 광주국토관리사무소,2024/10/28 15:14,2024/11/04 10:00
[20241030969-00] 상주시 농촌공간재구조화 및 재생 기본·시행계획수립 용역,한국농어촌공사 경북지역본부,2024/10/28 15:11,2024/12/05 11:00
[20241030955-00] 무안군 관내 등 3개 노선 제설작업용역,국토교통부 익산지방국토관리청 광주국토관리사무소,2024/10/28 15:09,2024/11/04 10:00
[20241030903-00] 신풍지구 농촌공간정비사업 시행계획서 작성 용역,한국농어촌공사 충북지역본부,2024/10/28 14:53,2024/10/28 16:00
[20241030826-00] 동명면 기초생활거점조성사업 설계용역 제안공모,한국농어촌공사 경북지역본부,2024/10/28 14:34,-
[20241029202-00] 2025학년도 화명고등학교 2학년 수학여행 위탁용역,부산광역시교육청 화명고등학교,2024/10/28 14:10,2024/11/18 16:00
[20241030659-00] ... 파크골프장) 도시관리계획 결정(변경) 및 공원조성계획(변경) ...,경기도 포천시,2024/10/28 13:58,2024/11/05 10:00
[20241030605-00] 경춘선숲길 연장 및 특화공간 조성 기본 및 실시설계용역,서울특별시 노원구,2024/10/28 13:44,-
[20241030514-00] 2024-2025년 한국지역난방공사 광주전남지사 주말 통근버스 임차용역,한국지역난방공사 광주전남지사,2024/10/28 13:19,2024/11/06 10:00
[20241030100-00] 청주보호관찰소 청사 증축공사 건설사업관리용역,법무부,2024/10/28 13:11,2024/12/05 14:00
[20241030478-00] 시종·신북면 기초생활거점 조성사업 기본계획수립 용역(협상에 의한 계약) ...,전라남도 영암군,2024/10/28 13:05,-
[20241030308-00] 중계본동 주택재개발정비사업 통합단지 전기 설계용역,서울주택도시공사,2024/10/28 12:45,2024/11/08 10:00
[20241030421-00] 중계본동 주택재개발정비사업 통합단지 소방(기계·전기) 설계용역,서울주택도시공사,2024/10/28 12:43,2024/11/21 12:00
[20241030388-00] 2025학년도 과천고등학교 2학년 주제별 체험학습 위탁 용역 입찰 공고,경기도교육청 과천고등학교,2024/10/28 11:51,2024/11/19 10:00
[20241026651-01] 문학박태환수영장 시설관리(청소·경비) 용역 입찰공고(긴급),인천광역시체육회,2024/10/28 11:38,2024/11/04 10:00
[20241029988-00] 하전권역 어촌신활력증진사업 토목공사 기본 및 실시설계 용역 수의(소액)견적 ...,전북특별자치도 고창군,2024/10/28 11:25,2024/11/01 15:00
[20241029765-00] 2025년 경상북도교육청 시설관리 용역,경상북도교육청,2024/10/28 10:55,2024/11/05 10:00
[20241030207-00] 11층 신종감염병 대비 긴급치료병상 확충 공사 건축감리,국민건강보험공단 일산병원,2024/10/28 10:49,2024/11/05 10:00
[20241026601-00] 남동경기장 시설관리(청소) 용역 입찰 공고(긴급),인천광역시체육회,2024/10/28 10:49,2024/11/04 10:00
[20241026572-00] 남동경기장 시설관리(경비) 용역 입찰 공고(긴급),인천광역시체육회,2024/10/28 10:41,2024/11/04 10:00
[20241030043-00] 2025학년도 위례한빛고등학교 2학년 숙박형 체험학습(제주도) 위탁용역,경기도교육청 위례한빛고등학교,2024/10/28 10:36,2024/11/18 16:00
[20241030124-00] 시립은평청소년센터 셔틀버스 운행 및 관리용역,시립은평청소년센터,2024/10/28 10:29,2024/11/07 10:00
[20241028407-00] 2025학년도 평택마이스터고 3학년 현장체험학습 위탁용역,경기도교육청 평택마이스터고등학교,2024/10/28 09:38,2024/11/08 12:00
[20241028589-00] 고창교육지원청 신림면 연립관사 증축 설계 제안공모,전북특별자치도교육청 전북특별자치도고창교육지원청,2024/10/28 09:37,-
[20241029924-00] [제안공모] 진보면 공공임대주택 건립사업 기본 및 실시설계용역,경상북도 청송군,2024/10/28 09:30,-
"[20241029708-00] 선단 도시계획도로(중로3-3, 대진tp진입도로) 노면불량 재포장공사 폐기물처리 용역",경기도 포천시,2024/10/28 09:19,2024/10/31 10:00
[20241029705-00] 이동면(장암리 504-9 일원) 건축물 해체공사 폐기물처리용역,경기도 포천시,2024/10/28 09:17,2024/10/31 10:00
[20241029654-00] 경산시 수도정비 기본계획(변경) 수립용역 사업수행능력 평가서 제출 공고,경상북도 경산시 맑은물사업본부 상수도과,2024/10/28 09:00,-
[20241029630-00] 2025년 칠서정수장 청사관리 용역,경상남도 창원시 상수도사업소,2024/10/28 08:45,2024/11/05 10:00
[20241029633-00] 2025년 성산구청 청사 청소 용역,경상남도 창원시 성산구,2024/10/28 08:44,2024/11/05 10:00
[20241029635-00] 2025년 마산보건소 청소 용역,경상남도 창원시 마산보건소,2024/10/28 08:43,2024/11/05 10:00
[20241029562-00] [PQ]시흥시 스마트허브 소하천 생태하천복원사업 실시설계 용역,경기도 시흥시,2024/10/25 18:43,-
"[20241029498-00] 여주도시계획도로(소로3류127호외1, 구법원 앞) 건설폐기물 처리용역",경기도 여주시,2024/10/25 18:11,2024/10/31 10:00
[20241029541-00] 경기용인 플랫폼시티 도시개발사업(1공구) 소각폐기물 처리용역,경기주택도시공사,2024/10/25 18:05,2024/11/05 10:00
[20241029479-00] 평창 방림면 기초생활거점 조성사업 지역역량강화 용역,한국농어촌공사 강원지역본부 원주지사,2024/10/25 17:32,2024/12/09 10:00
[20241029449-00] 거열산성 진입도로 개설공사(2공구) 폐기물처리용역,경상남도 거창군,2024/10/25 17:28,2024/11/04 10:00
[20241029469-00] 안성시 신활력플러스사업 가공지원센터 세부설계용역,한국농어촌공사 경기지역본부 안성지사,2024/10/25 17:27,2024/10/31 10:00
[20241028342-00] 환경교육 단짝 에너지 주제 강연 영상 제작,한국환경보전원,2024/10/25 17:26,2024/11/05 10:00
[20241029459-00] 동부여 다목적체육관 건립사업 건축 설계공모(일반설계공모),충청남도 부여군,2024/10/25 17:24,-
[20241029404-00] 체조훈련장 조성사업 실시설계용역,충청북도 제천시,2024/10/25 17:00,2024/10/31 10:00
[20241029387-00] 국립연천현충원 진입도로 개설공사 건설폐기물처리용역,경기도 연천군,2024/10/25 16:48,2024/10/31 10:00
[20241028796-00] 전주 전시컨벤션센터 건립공사 감독권한대행 등 건설사업관리 용역,전북특별자치도 전주시,2024/10/25 16:41,2024/12/17 10:00
[20241029117-00] 화포천습지보전관리센터 진입도로 확장공사 폐기물처리 용역,경상남도 김해시,2024/10/25 15:43,2024/10/31 16:00
[20241029159-00] 하기지구 국가산업단지 개발사업 조사설계용역 가격입찰공고,대전도시공사,2024/10/25 15:36,2024/10/31 11:00
[20241028736-00] 광암정수센터 차염소독설비 도입 기본 및 실시설계 용역,서울특별시 서울아리수본부,2024/10/25 15:16,2024/11/26 10:00
[20241024013-02] ... 지정공고(본촌현대2차 주변 도시계획시설(도로)개설 사업 ...,광주광역시 북구,2024/10/25 15:00,2024/10/29 15:00
[20241028941-01] [홍성]국도40호 내갈도로 포장도 보수공사 폐기물처리용역,충청남도 건설본부 건설사업부 서부사무소,2024/10/25 14:53,2024/10/31 10:00
[20241029016-00] [예산]국도40호 송산도로 포장도 보수공사 폐기물처리용역,충청남도 건설본부 건설사업부 서부사무소,2024/10/25 14:40,2024/10/31 10:00
[20241028532-00] 의령 유스호스텔 건립사업 설계경제성 검토용역,경상남도 의령군,2024/10/25 14:34,2024/10/31 10:00
[20241028925-00] 정선 테니스장 전천후 환경개선사업 건축설계 공모(간이공모),강원특별자치도 정선군,2024/10/25 14:13,-
[20241027870-00] 결성면 기초생활거점조성사업 건설폐기물처리 용역,한국농어촌공사 충남지역본부 홍성지사,2024/10/25 13:48,2024/10/31 10:00
[20241028797-00] 덕소·삼패IC~덕소지구 연결도로 개설공사 폐기물처리 용역,경기도 남양주시,2024/10/25 13:39,2024/10/31 10:00
[20241028689-00] 탄천면 의용소방대 청사 이전 신축 실시설계용역,충청남도 공주시,2024/10/25 13:18,2024/10/31 10:00
[20241028626-00] 후반부 환상형 송수관망 정비공사 건설폐기물처리용역,광주광역시 상수도사업본부,2024/10/25 13:14,2024/10/31 10:00
[20241028576-00] 철원경찰서 신축공사(설계용역),경찰청 강원특별자치도경찰청,2024/10/25 13:02,-
[20241028620-00] 대동골 가족복합문화공간 조성사업 설계공모 공고,부산광역시 남구,2024/10/25 11:10,-
[20241028251-00] 행정중심복합도시 5-1L5BL 공동주택 시공단계감독권한대행 등 건설사업관리용역,한국토지주택공사,2024/10/25 10:37,2024/11/26 17:00
[20241026861-00] 게임융복합스페이스 조성 위탁개발사업 설계공모 공고,부산도시공사,2024/10/25 10:27,-
[20241028415-00] 평화1동 복합커뮤니티센터 건립사업 건축설계용역(일반설계공모),전북특별자치도 전주시 완산구,2024/10/25 10:17,-
[20241028418-00] 완주군 만경강 통합하천사업 실시설계 용역(PQ후 가격입찰),전북특별자치도 완주군,2024/10/25 10:12,2024/10/31 14:00
[20241028386-00] 서산 예천지구 공영주차장(초록광장) 조성사업 기본 및 실시설계용역 사업수행 ...,충청남도 서산시,2024/10/25 10:01,-
[20241022627-00] (긴급)필리핀 팜팡가지역 통합 재난위험 감축 및 기후변화 적응사업(2차) 타당 ...,한국수출입은행,2024/10/25 09:31,2024/11/22 16:00
[20241028269-00] 합성2동 경남은행~우리누리청소년문화센터간 도로확장공사(2차분) 폐기물처리용역,경상남도 창원시,2024/10/25 09:16,2024/10/31 10:00
[20241028265-00] 양주시 공동형 종합장사시설 건축기획 및 건설공사 타당성 조사 용역,경기도 양주시,2024/10/25 09:14,-
[20241028237-00] 노후하수관로 정비사업(2차 1단계) 건설사업관리용역(PQ후 가격입찰),광주광역시,2024/10/25 08:53,2024/11/05 12:00
[20241023672-00] 명지국제신도시 진입도로 확장공사 폐기물처리용역,부산광역시 강서구,2024/10/25 08:18,2024/10/31 10:00
"[20241028020-00] 장팔, 김천사거리 회전교차로 설치공사 폐기물처리용역",경상남도 거창군,2024/10/24 18:30,2024/10/30 10:00
[20241027951-00] 부여서 재건축 건축통신소방 설계용역,경찰청 충청남도경찰청,2024/10/24 18:03,-
[20241027843-00] 첨단이차전지 통합지원센터 건립 설계용역,(재)울산테크노파크,2024/10/24 18:03,2024/11/19 10:00
[20241027812-00] 국회 통합디지털센터 건립사업 설계용역,국회 국회사무처,2024/10/24 18:02,-
[20241027966-00] 수유동2지역 소규모주택정비 관리계획 수립 및 관리지역 지정 용역,서울특별시 강북구,2024/10/24 18:02,-
[20241027913-00] 서울시립 김병주도서관 건립 전기공사 감리용역(장기계속),서울특별시 도시기반시설본부,2024/10/24 17:45,2024/12/04 12:00
[20241027909-00] 다남주민생활공간 화장실 개축공사 기본 및 실시설계 용역,인천광역시 계양공원사업소,2024/10/24 17:44,2024/10/31 10:00
"[20241027830-00] 장수군(장수읍, 산서면, 번암면) 기본계획 수립 용역",한국농어촌공사 전북지역본부,2024/10/24 17:33,2024/12/06 10:00
[20241027623-00] 부천시 기술진단 노후하수관로 정비사업 기본 및 실시설계용역(PQ후 가격입찰),경기도 부천시,2024/10/24 16:41,2024/11/01 10:00
[20241026840-00] 공주문화관광지 주차장 조성사업 실시설계용역,충청남도 공주시,2024/10/24 16:40,2024/11/19 10:00
[20241027688-00] 2024년 상생협력 정책사례조사 연수단 수행 용역,대·중소기업·농어업협력재단,2024/10/24 16:33,-
[20241027651-00] 순창군 청년농촌보금자리조성사업 기본계획 수립 용역,한국농어촌공사 전북지역본부,2024/10/24 16:23,2024/11/15 10:00
[20241027578-00] 설악면 대체 공영차고지 조성사업 실시설계용역,경기도 가평군,2024/10/24 16:07,2024/10/30 10:00
[20241027552-00] 산촌청년공동체활성화센터조성사업실시설계용역,충청북도 괴산군,2024/10/24 15:54,2024/10/29 16:00
[20241027527-00] 2025년 방학로 장기사용 송배수관 정비공사 교통소통대책 수립용역,서울특별시 서울아리수본부 북부수도사업소,2024/10/24 15:52,2024/10/30 14:00
[20241026564-00] 장마면 기초생활거점조성사업 지역역량강화용역(긴급),경상남도 창녕군,2024/10/24 15:41,-
[20241026929-00] 진례 산본 1137번지 일원 도로재포장공사 폐기물처리용역,경상남도 김해시,2024/10/24 15:25,2024/10/30 16:00
[20241027334-00] 새만금 기업수요에 따른 산업용지 입지 적정성 검토 연구용역,새만금개발청,2024/10/24 14:58,2024/10/25 11:00
[20241027321-00] 금왕읍 농촌중심지활성화사업 건축(상주)감리 용역,한국농어촌공사 충북지역본부 음성지사,2024/10/24 14:48,2024/11/01 10:00
[20241027291-00] 공공건축물 그린리모델링사업(단성보건지소외 3개소) 실시설계 용역,충청북도 단양군 보건의료원,2024/10/24 14:41,2024/10/31 12:00
[20241026116-00] 문경새재 테마파크 전망탑 건립사업 설계용역(설계공모),경상북도 문경시,2024/10/24 14:33,-
[20241026934-00] 케이블카 조성사업 건설사업관리용역(설계단계),경상북도 문경시,2024/10/24 14:32,2024/10/30 10:00
[20241027122-01] 블록체인 메인넷 구축 및 확산서비스 개발 용역,인천테크노파크,2024/10/24 14:10,2024/11/04 10:00
[20241023637-02] 평택시 스마트시티 조성사업 G7 이노베이션센터 및 자원순환 통모니터링 시스템 ...,(주)케이티엔지니어링,2024/10/24 13:47,-
[20241027032-00] 재난대응 거점 통합창고 건립 실시설계 용역 수의견적 제출안내 공고,전라남도 영암군,2024/10/24 13:14,2024/10/30 10:00
[20241026902-00] 2024년 차집관로 성능개선공사(불광천) 지하구조물 전산화 용역,서울특별시 물재생센터 난지물재생센터,2024/10/24 11:25,2024/10/24 14:00
[20241026817-00] 서탄면 행정복지센터 일원 노후관 교체공사 건설폐기물처리용역,경기도 평택시 상하수도사업소,2024/10/24 10:59,2024/10/30 10:00
[20241026462-00] (구)국도3호선 인도정비공사 폐기물처리용역,경기도 이천시,2024/10/24 10:42,2024/10/30 10:00
[20241025788-00] 제천시 농촌공간 재구조화 및 재생 기본시행계획 수립 용역,충청북도 제천시 농업기술센터,2024/10/24 10:22,-
[20241026681-00] [보령]국도40호 성주도로 포장도 보수공사 폐기물처리용역,충청남도 건설본부 건설사업부 서부사무소,2024/10/24 10:16,2024/10/30 10:00
[20241023385-00] 울산과학기술원 울주학사 경비 용역,울산과학기술원,2024/10/24 10:00,2024/11/01 10:00
[20241026554-00] 2024년 화성오산 늘봄학교 지역특화 특별프로그램 위탁 용역,경기도교육청 경기도화성오산교육지원청,2024/10/24 09:34,2024/11/04 14:00
[20241024990-00] 한국식품안전관리인증원 청사 신축공사 설계 공모,한국식품안전관리인증원,2024/10/24 08:41,-
[20241026408-00] 2025년 대산정수장 청사관리 용역,경상남도 창원시 상수도사업소,2024/10/23 21:07,2024/11/01 10:00
[20241026390-00] 2025년 석동정수장 청소 용역,경상남도 창원시 상수도사업소,2024/10/23 20:48,2024/11/01 10:00
[20241026374-00] [설계공모 안내] 삼가리 여우휴게마당 조성사업(제안공모),경상북도 영주시,2024/10/23 20:23,-
[20241026285-00] 새마을회관~농어촌공사 도시계획도로 문화재 표본조사용역,충청남도 홍성군,2024/10/23 18:47,2024/10/30 15:00
[20241026272-00] 약사명동 앵커시설 활용 시민참여 행사(약사체크인) 용역,강원특별자치도 춘천시,2024/10/23 18:35,2024/10/29 10:00
[20241026245-00] 24년/25년 제설대책 민간위탁용역,서울특별시 구로구,2024/10/23 18:13,2024/10/29 10:00
[20241026187-00] 도롱뇽마을 무장애나눔길 조성사업 실시설계 용역,인천광역시 남동구,2024/10/23 17:52,2024/10/29 10:00
[20241025541-00] 걸인의 골목 왕후의 재생 빛으로 담다 건설폐기물 처리용역,전라남도 완도군,2024/10/23 17:38,2024/10/29 12:00
[20241026112-00] 남원시 대규모 스마트팜 창업단지 조성사업 기본계획 및 세부설계 용역,한국농어촌공사 전북지역본부,2024/10/23 17:23,2024/10/29 10:00
[20241026066-00] 업무용차량 장기임차 용역,한국지역난방공사,2024/10/23 17:11,2024/10/31 10:00
[20241026072-00] 영월 첨단산업 핵심소재단지 기본 및 실시설계 용역(장기계속)(P.Q 후 가격입찰),강원특별자치도 영월군,2024/10/23 17:10,2024/10/30 10:00
[20241025819-00] 새만금 이차전지 실시간 고도분석센터 건축설계 용역,재단법인 전북테크노파크,2024/10/23 17:03,-
[20241025348-00] 2024년 특정빈집 직권 철거 건설폐기물 처리 및 운반 용역,세종특별자치시,2024/10/23 16:30,2024/10/29 10:00
[20241025181-00] 농식품 가공창업보육센터 건립사업 감독권한대행 등 건설사업관리용역(PQ),광주광역시,2024/10/23 16:06,-
[20241025855-00] 병리과 외주검사 위탁 계약,서울대학교병원,2024/10/23 16:03,2024/10/31 10:00
"[20241025820-00] 9호선 2,3단계 역사 조명설비 유지관리 용역",서울교통공사,2024/10/23 15:53,2024/10/31 10:00
[20241024824-00] 산청산청 1공구 아파트 건설공사 시공단계 감독권한대행 등 건설사업관리용역,한국토지주택공사,2024/10/23 15:19,2024/12/13 10:00
[20241025495-00] 도시계획도로 소로1-38 도로재포장공사 폐기물처리용역,경기도 이천시,2024/10/23 14:28,2024/10/29 10:00
[20241025426-00] 아파트전담 소포우편물 위탁배달 용역(수원),과학기술정보통신부 우정사업본부 경인지방우정청,2024/10/23 14:09,2024/11/04 10:00
[20241025384-00] 농어촌도로 203호선 도로재포장공사 폐기물처리용역,경기도 이천시,2024/10/23 13:59,2024/10/29 14:00
[20241025314-00] 한국투자공사 업무용 차량 임차,한국투자공사,2024/10/23 13:47,2024/10/29 15:00
[20241025117-00] 한국주택금융공사 직원 단체상해보험 보험사 선정,한국주택금융공사,2024/10/23 13:31,2024/10/31 14:00
[20241025160-00] 2025학년도 화홍고등학교 2학년 주제별체험학습(수학여행) 위탁 용역 입찰 공고,경기도교육청 화홍고등학교,2024/10/23 12:14,2024/11/13 11:00
[20241024774-00] 9호선 언주역 고압 냉동기 오버홀 용역,서울교통공사,2024/10/23 11:15,2024/10/31 10:00
[20241025060-00] 2025학년도 대현중학교 2학년 수학여행 위탁 용역,울산광역시강남교육청 대현중학교,2024/10/23 11:13,2024/11/07 16:00
"[20241024341-00] 보령해양경찰서 함정승조원 지원시설 건설사업관리 용역 (건축, 통신, 소방)",해양경찰청 중부지방해양경찰청 보령해양경찰서,2024/10/23 10:59,2024/11/15 10:00
[20241024991-00] 신월1동 주민센터 건립 설계용역(설계공모),서울특별시 양천구,2024/10/23 10:53,-
[20241021592-00] 상인동 일원 노후 하수관로 정비사업 실시설계용역(PQ 후 가격입찰),대구광역시 달서구,2024/10/23 10:48,2024/10/31 10:00
[20241024804-00] 스포츠 클라이밍센터 조성사업 설계공모,경상북도 구미시,2024/10/23 10:01,-
[20241024785-00] 교정빌딩 시설위탁관리용역,교정공제회,2024/10/23 09:59,2024/11/04 10:00
[20241024141-00] 원통시장 청춘마루 조성사업 건축물 폐기물 처리용역,강원특별자치도 인제군,2024/10/23 09:42,2024/10/29 10:00
[20241024623-00] 금남면 기초생활거점조성사업 지역역량강화 용역,한국농어촌공사 경남지역본부 하동남해지사,2024/10/23 09:02,2024/11/15 10:00
"[20241017107-00] 경기도소방학교 북부캠퍼스 군관리계획(용도지역, 군계획시설) 결정(변경) 용역",경기도 북부소방재난본부,2024/10/23 08:19,2024/10/29 10:00
[20241024379-00] 2024학년도 실험실 정밀안전진단,조선대학교,2024/10/22 18:54,-
[20241024339-00] 제천시 상권활성화사업 종합계획 수립 연구용역,충청북도 제천시,2024/10/22 18:23,-
[20241024318-00] 도시계획시설 실효에 따른 도시관리계획 변경 용역,광주광역시 북구,2024/10/22 18:10,2024/10/25 15:00
[20240909177-01] (24F058-G) AI기반 경계작전체계 통합관제 기술 실증,국방부 국군재정관리단,2024/10/22 17:46,2024/10/29 10:00
[20241023635-00] 한산 용호도 역사문화전시관 조성사업 실시설계 용역,경상남도 통영시,2024/10/22 17:44,2024/10/31 11:00
[20241024022-00] 화성시 청소업무 민간대행사업 용역(15구역),경기도 화성시,2024/10/22 17:36,2024/11/18 16:00
[20241024020-00] 화성시 청소업무 민간대행사업 용역(14구역),경기도 화성시,2024/10/22 17:35,2024/11/18 16:00
[20241023970-00] 화성시 청소업무 민간대행사업 용역(13구역),경기도 화성시,2024/10/22 17:34,2024/11/18 16:00
[20241023964-00] 화성시 청소업무 민간대행사업 용역(12구역),경기도 화성시,2024/10/22 17:32,2024/11/18 16:00
[20241023952-00] 화성시 청소업무 민간대행사업 용역(11구역),경기도 화성시,2024/10/22 17:31,2024/11/18 16:00
[20241023030-01] 영암군 스마트도시 솔루션 확산사업(협상에 의한 계약) 제안서제출 안내공고,전라남도 영암군,2024/10/22 17:31,-
[20241023941-00] 화성시 청소업무 민간대행사업 용역(10구역),경기도 화성시,2024/10/22 17:30,2024/11/18 16:00
[20241023933-00] 화성시 청소업무 민간대행사업 용역(9구역),경기도 화성시,2024/10/22 17:28,2024/11/18 16:00
[20241023930-00] 화성시 청소업무 민간대행사업 용역(8구역),경기도 화성시,2024/10/22 17:26,2024/11/18 16:00
[20241023924-00] 화성시 청소업무 민간대행사업 용역(7구역),경기도 화성시,2024/10/22 17:23,2024/11/18 16:00
[20241024161-00] 지속가능한 공공임대주택 공급을 위한 재원방안 연구용역,서울주택도시공사,2024/10/22 17:21,-
[20241023909-00] 화성시 청소업무 민간대행사업 용역(6구역),경기도 화성시,2024/10/22 17:20,2024/11/18 16:00
[20241023901-00] 화성시 청소업무 민간대행사업 용역(5구역),경기도 화성시,2024/10/22 17:19,2024/11/18 16:00
[20241023893-00] 화성시 청소업무 민간대행사업 용역(4구역),경기도 화성시,2024/10/22 17:18,2024/11/18 16:00
[20241023882-00] 화성시 청소업무 민간대행사업 용역(3구역),경기도 화성시,2024/10/22 17:14,2024/11/18 16:00
[20241023868-00] 화성시 청소업무 민간대행사업 용역(2구역),경기도 화성시,2024/10/22 17:12,2024/11/18 16:00
[20241023847-00] 화성시 청소업무 민간대행사업 용역(1구역),경기도 화성시,2024/10/22 17:11,2024/11/18 16:00
[20241024121-00] 양천구 생활폐기물 수집·운반 대행 용역(6구역),서울특별시 양천구,2024/10/22 17:10,2024/12/03 16:00
[20241024115-00] 정읍시 등 2개 시 도로제설용역,국토교통부 익산지방국토관리청 전주국토관리사무소,2024/10/22 17:07,2024/10/28 10:00
"[20241024109-00] 전주시 등 2개 시, 군 도로제설용역",국토교통부 익산지방국토관리청 전주국토관리사무소,2024/10/22 17:03,2024/10/28 10:00
[20241024042-00] 2024년도 소장작품 보험가입,문화체육관광부 국립현대미술관,2024/10/22 17:01,2024/11/01 10:00
[20241024089-00] 양천구 생활폐기물 수집·운반 대행 용역(5구역),서울특별시 양천구,2024/10/22 17:01,2024/12/03 16:00
"[20241024088-00] 완주군 등 2개 시, 군 도로제설용역",국토교통부 익산지방국토관리청 전주국토관리사무소,2024/10/22 16:58,2024/10/28 10:00
[20241024081-00] 솥발산 공원묘원 일원 하수관로 정비사업 폐기물처리용역,경상남도 양산시 상하수도사업소,2024/10/22 16:55,2024/10/28 10:00
"[20241024078-00] 김제시 등 3개 시, 군 도로제설용역",국토교통부 익산지방국토관리청 전주국토관리사무소,2024/10/22 16:54,2024/10/28 10:00
[20241024057-00] 양천구 생활폐기물 수집·운반 대행 용역(4구역),서울특별시 양천구,2024/10/22 16:53,2024/12/03 16:00
[20241023378-00] 신평초등학교 증축 및 리모델링공사 설계용역,충청남도교육청 충청남도당진교육지원청,2024/10/22 16:51,-
[20241023359-00] 삼봉초등학교 증개축공사 설계용역 제안공모,충청남도교육청 충청남도당진교육지원청,2024/10/22 16:50,-
"[20241023777-00] 울산중부경찰서 이전 신축공사(건축,통신,소방) 설계용역",경찰청 울산광역시경찰청,2024/10/22 16:47,-
[20241023653-01] 곡성형 청년하우징타운 조성사업 건축설계 공모,전라남도 곡성군,2024/10/22 16:45,-
"[20241024038-00] 진안군 등 3개 시, 군 도로제설용역",국토교통부 익산지방국토관리청 전주국토관리사무소,2024/10/22 16:43,2024/10/28 10:00
[20241024027-00] 양천구 생활폐기물 수집·운반 대행 용역(3구역),서울특별시 양천구,2024/10/22 16:42,2024/12/03 16:00
[20241024032-00] 부안군 등 2개 군 도로제설용역,국토교통부 익산지방국토관리청 전주국토관리사무소,2024/10/22 16:41,2024/10/28 10:00
[20241022686-00] 수의 견적제출 안내공고(서천군 화성지구 농촌공간정비사업 건축 실시설계 용역),충청남도 서천군 농업기술센터,2024/10/22 16:39,2024/10/29 16:00
[20241024012-00] 새만금 권역 도로제설용역,국토교통부 익산지방국토관리청 전주국토관리사무소,2024/10/22 16:35,2024/10/28 10:00
[20241023986-00] 양천구 생활폐기물 수집·운반 대행 용역(2구역),서울특별시 양천구,2024/10/22 16:34,2024/12/03 16:00
[20241020450-00] 진영읍 행정복지센터 철거공사 건설폐기물 처리용역,경상남도 김해시,2024/10/22 15:56,2024/10/30 16:00
"[20241023812-00] 고창군 등 2개 시, 군 도로제설용역",국토교통부 익산지방국토관리청 전주국토관리사무소,2024/10/22 15:50,2024/10/28 10:00
"[20241023759-00] 산업,식품용 헴프산업 클러스터 조성, 특용작물 산업화 지원센터 구축사업 ...",한국농어촌공사 경북지역본부 안동지사,2024/10/22 15:47,2024/11/19 10:00
[20241023014-00] 군산시 등 3개 시 도로제설용역,국토교통부 익산지방국토관리청 전주국토관리사무소,2024/10/22 15:30,2024/10/28 10:00
[20241023685-00] 양천구 생활폐기물 수집·운반 대행용역(1구역),서울특별시 양천구,2024/10/22 15:30,2024/12/03 16:00
[20241023557-00] 대강면 적성면 기초생활거점조성사업(1단계) 기본계획 수립 용역(협상에 의한 계약),충청북도 단양군,2024/10/22 15:02,2024/11/11 16:00
[20241023591-00] 동구 생활체육시설 조성사업 실시설계용역(건축),대전광역시,2024/10/22 14:49,2024/10/29 10:00
[20241023588-00] 초평항 어촌신활력증진사업 예비계획 수립 및 타당성조사 용역 제안서 제출안내 공고,전라남도 진도군,2024/10/22 14:49,-
[20241023574-00] 청도관광네트워크도로개설사업 실시설계용역-가격투찰후PQ,경상북도 청도군,2024/10/22 14:44,2024/10/29 10:00
[20241023486-00] (가칭)운정4고 신축 통신공사 설계용역,경기도교육청 경기도파주교육지원청,2024/10/22 14:23,2024/10/29 14:00
[20241023436-00] (긴급)2024 ~ 2025년 겨울철 제설용역,서울특별시 관악구,2024/10/22 14:15,2024/10/28 10:00
[20241023432-00] (가칭)운정4고 신축 전기공사 설계용역,경기도교육청 경기도파주교육지원청,2024/10/22 14:13,2024/10/29 14:00
[20241023371-00] 한국 중요산림식물자원 후계원 기본 및 실시설계용역,전라남도 무안군,2024/10/22 14:04,2024/10/30 10:00
[20241023366-00] 파주대원초 급식실 증축 및 개보수공사 설계용역,경기도교육청 경기도파주교육지원청,2024/10/22 13:51,2024/10/29 10:00
[20241023363-00] 인천역 복합개발사업 공간재구조화계획 수립 용역,인천광역시,2024/10/22 13:50,2024/10/30 10:00
[20241022750-00] 원주 스포츠가치센터(원주 서울올림픽가치센터) 건립 설계용역,서울올림픽기념국민체육진흥공단,2024/10/22 13:42,-
[20241023248-00] 2025년도 이천시 CCTV통합관제센터 모니터링요원 용역,경기도 이천시,2024/10/22 13:31,2024/10/30 10:00
[20241023160-00] 늘푸른고등학교 2025학년도 2학년 주제별 현장체험학습 위탁용역,경기도교육청 늘푸른고등학교,2024/10/22 13:28,2024/11/12 12:00
[20241023246-00] 청주내곡초 교사 증축공사 설계의 경제성 등 검토(VE)용역 수의견적공고,충청북도교육청 충청북도청주교육지원청,2024/10/22 13:22,2024/10/28 10:00
[20241015381-00] 부산기계공업고등학교 생활관(서관) 개축공사 설계용역(전기),중소벤처기업부 부산기계공업고등학교,2024/10/22 13:12,2024/10/30 10:00
[20241023134-00] 2024학년도 해외산업체 탐방 연수 위탁용역 입찰 공고,충청남도교육청 아산스마트팩토리마이스터고등학교,2024/10/22 11:45,2024/11/04 10:00
[20241023111-00] 오송초 본관 증개축 및 급식시설 현대화공사 설계의 경제성등 검토(VE)용역 수 ...,충청북도교육청 충청북도청주교육지원청,2024/10/22 11:36,2024/10/28 10:00
[20241011142-01] 창원보호관찰소 청사 증축 건설사업관리용역,법무부,2024/10/22 11:32,2024/12/04 14:00
[20241022944-00] GR 핸드북 [설계편] 마련,국토안전관리원,2024/10/22 10:49,2024/11/04 12:00
[20241022858-00] 부산공동어시장 현대화사업 철거공사 1단계 불연성 건설폐기물 용역,부산공동어시장조합공동사업법인,2024/10/22 10:38,2024/10/31 10:00
[20241021807-00] 2025년 안산화정영어마을 셔틀버스 임차용역 입찰공고,안산대학교안산화정영어마을,2024/10/22 10:24,2024/11/04 14:00
[20241022790-00] 2024. 광양영재교육원 국외체험학습 위탁 용역,전라남도교육청 전라남도광양교육지원청,2024/10/22 09:58,2024/10/28 10:00
[20241020101-00] 주택건설공사 감리자(전기) 모집 공고(상인천초교주변구역 재개발사업),인천광역시 남동구,2024/10/22 09:47,2024/11/04 11:00
[20241022225-01] 인제지역자활센터신축 기본 및 실시설계용역 제안공모,강원특별자치도 인제군,2024/10/22 09:36,-
[20241022720-00] 인제키지트 조성사업 기본 및 실시설계용역 제안공모,강원특별자치도 인제군,2024/10/22 09:32,-
[20241022613-00] 비축농산물 컨테이너화물 육상운송 용역,한국농수산식품유통공사 인천지역본부,2024/10/22 08:31,2024/10/30 12:00
"[20241022603-00] 9호선 2,3단계 기계설비 유지보수 용역",서울교통공사,2024/10/22 08:22,2024/11/18 10:00
[20241022524-00] 환상의 섬 죽도 관광자원화 사업 기본 및 실시설계용역,울산광역시 남구,2024/10/21 20:45,2024/10/25 10:00
[20241022526-00] 한방 웰니스관광 거점화 조성사업 설계공모,경상남도 함양군,2024/10/21 20:45,-
"[20241022482-00] 구산중학교 교사동 증축 전기(통신, 소방)공사 설계용역",경상남도교육청 경상남도창원교육지원청,2024/10/21 19:38,2024/10/28 10:00
[20241022472-00] 구산중학교 교사동 증축 기계설비공사 설계용역,경상남도교육청 경상남도창원교육지원청,2024/10/21 19:31,2024/10/28 10:00
[20241022439-00] 용인도시계획도로 중1-50호(2구간)개설공사 폐기물처리용역,경기도 용인시,2024/10/21 18:56,2024/10/25 10:00
[20241022416-00] 2024학년도 삼일공업고등학교 경기도형 도제 기계과 선진국가 국외현장견학 위탁 용역,경기도교육청 삼일공업고등학교,2024/10/21 18:45,2024/10/31 10:00
[20241022394-00] 혁신도시 활성화를 위한 지구단위계획 변경 용역,전라남도 나주시,2024/10/21 18:26,2024/10/29 10:00
[20241022354-00] 부여군의회 신청사 건립사업 건축 설계공모(제안공모),충청남도 부여군,2024/10/21 18:04,-
[20241022285-00] 학장천 준설공사 준설폐기물처리용역,부산광역시 사상구,2024/10/21 17:46,2024/10/25 10:00
[20241018947-00] 월간 재정포럼 편집 및 인쇄 용역,한국조세재정연구원,2024/10/21 17:16,2024/11/01 15:00
[20241022203-00] 포항 연어 양식 특화농공단지 개발계획 및 실시계획 수립 용역 공고(긴급),경상북도 포항시,2024/10/21 17:16,-
[20241022152-00] 국도2호선 보성권역 도로제설 및 결빙제거용역,국토교통부 익산지방국토관리청 순천국토관리사무소,2024/10/21 17:03,2024/10/28 10:00
[20241022123-00] 국도19호선 구례권역 도로제설 및 결빙제거용역,국토교통부 익산지방국토관리청 순천국토관리사무소,2024/10/21 16:57,2024/10/28 10:00
[20241022091-00] 국도15호선 고흥권역 도로제설 및 결빙제거용역,국토교통부 익산지방국토관리청 순천국토관리사무소,2024/10/21 16:48,2024/10/28 10:00
[20241022093-00] [설계공모 안내] 영주시 인구활력센터 건립공사 설계공모,경상북도 영주시,2024/10/21 16:46,-
[20241022088-00] 해남군 청년농업인 미래농업 지원시설 공용시설 실시설계용역,전라남도 해남군,2024/10/21 16:46,2024/10/25 10:00
[20241022009-00] 국도17호선 순천권역 도로제설 및 결빙제거용역,국토교통부 익산지방국토관리청 순천국토관리사무소,2024/10/21 16:28,2024/10/28 10:00
[20241021972-00] 국도27호선 곡성권역 도로제설 및 결빙제거용역,국토교통부 익산지방국토관리청 순천국토관리사무소,2024/10/21 16:27,2024/10/28 10:00
[20241021847-00] 안전점검등 점검항목 및 안전등급 산정방식 개선 용역,국토안전관리원,2024/10/21 15:45,2024/11/01 10:00
[20241021790-00] 고덕강일지구 오수간선관로 설치 기본 및 실시설계 용역(장기계속),서울특별시,2024/10/21 15:21,2024/12/12 14:00
[20241021468-00] 산림교육 체험관 리모델링 및 증축 공사 설계용역,부산광역시 금정구,2024/10/21 15:04,2024/10/25 10:00
[20241021646-00] 경기도 산업입지 수급계획 수립 연구 용역,경기도청 북부청사,2024/10/21 14:56,2024/11/01 10:00
[20241021686-00] 아동청소년 이색 레포츠 복합 체험시설 신축공사 건설사업관리용역(감독 권한대 ...,서울특별시 노원구,2024/10/21 14:56,2024/11/20 14:00
"[20241008245-01] 임실군 농촌공간 재구조화 및 기본, 시행계획 수립용역(협상에의한계약)",전라북도 임실군,2024/10/21 14:15,2024/10/30 10:00
[20241021433-00] 동탄-고덕 연계 열수송관공사(2차) 공공측량 용역,한국지역난방공사 평택지사,2024/10/21 14:03,2024/10/29 10:00
[20241020633-00] 영일만4 일반산업단지 조성공사 건설폐기물(폐아스콘) 처리 및 운반 용역(긴급),경상북도 포항시,2024/10/21 13:59,2024/10/28 10:00
[20241020995-00] 영일만4 일반산업단지 조성공사 건설폐기물(폐콘크리트) 처리 및 운반 용역(긴급),경상북도 포항시,2024/10/21 13:57,2024/10/28 10:00
[20241021366-00] 대한야구캠프 노후건축물 철근콘크리트기초 철거공사 불연성 건설폐기물처리용역,경상남도 남해군,2024/10/21 13:44,2024/10/25 10:00
[20241021283-00] 청암초 급식실 증축 및 개보수공사 설계용역,경기도교육청 경기도파주교육지원청,2024/10/21 13:30,2024/10/28 10:00
[20241020419-00] 이동면(장암리 504-9 일원) 건축물 해체공사 폐기물처리용역,경기도 포천시,2024/10/21 13:28,2024/10/25 16:00
[20241021214-00] 전남대학교 지역개방형 문화·체육 콤플렉스 증축사업 설계용역 설계공모,전남대학교,2024/10/21 13:13,-
[20241021103-00] 2025학년도 복정고등학교 주제별 현장체험학습(수학여행) 위탁 용역,경기도교육청 복정고등학교,2024/10/21 12:05,2024/11/12 11:00
[20241020910-00] (가칭)보람유치원 신축공사 설계공모,경상남도교육청 경상남도창원교육지원청,2024/10/21 11:51,-
[20241020741-00] 2025년 시청사 조경관리 용역,경상남도 창원시,2024/10/21 10:31,2024/10/29 10:00
[20241020779-00] 2024년도 알키미스트 프로젝트 연구성과점검을 위한 R&D대전 연계 행사 기획 대 ...,한국산업기술기획평가원,2024/10/21 10:09,2024/11/01 11:00
[20241020728-00] 2021년 강진군 봉황항 어촌뉴딜사업 어구어망창고 및 공동작업장 설계 용역,한국어촌어항공단,2024/10/21 09:55,2024/10/21 12:00
[20241018478-00] 노량진통합정보센터 내부 보수공사 설계용역,서울특별시 서울아리수본부 남부수도사업소,2024/10/21 09:48,2024/10/21 11:00
[20241020576-00] 회성 꽃리단센터 지장물 철거공사(1차) 건설폐기물처리용역,경상남도 창원시,2024/10/21 09:09,2024/10/25 10:00
[20241019047-00] [긴급] 임상시험 정책지원 현황조사 및 시사점 도출 연구,국가임상시험지원재단,2024/10/21 08:27,-
[20241020418-00] 2025학년도 인천산고곡등학교 수학여행 위탁용역,인천광역시교육청 인천산곡고등학교,2024/10/20 12:12,2024/11/04 16:00
[20241020314-00] 불로동 고분군 문화탐방 체험센터 건립공사 설계공모,대구광역시 동구,2024/10/18 17:45,-
[20241020258-00] 2025년 방학로 장기사용 송배수관 정비공사 교통소통대책 수립용역,서울특별시 서울아리수본부 북부수도사업소,2024/10/18 17:29,2024/10/24 14:00
[20241020245-00] 영종하늘도시 개발사업 조성공사(4공구) 외 1건 사후평가용역(재공고),인천도시공사,2024/10/18 17:22,-
[20241019681-00] 2024년 실험실습실 정밀안전진단 실시 용역,전북대학교,2024/10/18 17:18,2024/10/24 10:00
[20241020143-00] 효돈 도시계획도로(소로1-5) 개설공사(1차분) 건설폐기물처리용역,제주특별자치도 서귀포시,2024/10/18 16:49,2024/10/24 12:00
[20241019802-00] 대구운전면허시험장 통합이전 및 후적지 개발 타당성조사 용역,대구도시개발공사,2024/10/18 16:32,2024/10/28 10:00
[20241018092-00] 광주보훈병원 중증 응급 의료인프라 구축 증축공사 설계용역(전기),한국보훈복지의료공단 광주보훈병원,2024/10/18 16:22,2024/10/31 10:00
[20241020046-00] 2024년 특정빈집 직권 철거 소각폐기물 처리 및 운반 용역,세종특별자치시,2024/10/18 16:12,2024/10/25 10:00
[20241019403-00] 금호워터폴리스 시내버스 공영차고지 조성사업 상주감리용역,대구광역시 도시건설본부,2024/10/18 15:46,2024/10/24 10:00
[20241018958-00] 송현 문화공원·주차장 조성사업 기본 및 실시설계용역,서울특별시,2024/10/18 15:44,2024/11/28 17:00
[20241019899-00] 강북패션플랫폼 건립 설계공모,서울특별시 강북구,2024/10/18 15:20,-
[20241019417-00] 신복택지~동강아뜨리에간 도로 확포장공사 건설폐기물 처리용역,경상남도 사천시,2024/10/18 15:18,2024/10/24 10:00
[20241019903-00] 오송역 선하부지 휴게공간 조성사업 건설사업관리용역 PQ제출안내,충청북도,2024/10/18 15:08,-
[20241019847-00] 창신동 23일대 주택정비형재개발사업 공공지원 정비사업전문관리 용역,서울특별시 종로구,2024/10/18 15:03,-
[20241019705-00] 공주 송선·동현지구 도시개발사업 보상물건 기본조사용역,충청남도개발공사,2024/10/18 14:33,2024/11/08 10:00
[20241018080-00] 2024년 재난·안전정보시스템 개편사업 개인정보영향평가,한국지역정보개발원,2024/10/18 14:06,2024/10/31 10:00
[20241019588-00] 호수교갤러리 조성 용역,서울특별시 송파구,2024/10/18 13:29,-
[20241019479-00] 학생회관 환경개선 설계 용역 (전기·정보통신·소방 분야),한국항공대학교,2024/10/18 12:16,2024/10/28 10:00
[20241019370-00] 첨단제조로봇 실증지원센터 도로교통소음 예측 및 측정 용역,한국로봇산업진흥원,2024/10/18 11:40,2024/10/22 12:00
[20241019380-00] 학생회관 환경개선 설계 용역 (건축·기계 분야),한국항공대학교,2024/10/18 11:15,2024/10/28 10:00
[20241019376-00] 2024 대한민국 지방시대엑스포 대구시 전시관 설치용역,(주)엑스코,2024/10/18 11:14,2024/10/25 10:00
[20241016808-00] 도천초등학교 후관동 그린스마트미래학교 개축공사 건축설계공모,경상남도교육청 경상남도창원교육지원청,2024/10/18 11:06,-
[20241019349-00] 신방초등학교 본관동 그린스마트 미래학교 개축 설계공모,경상남도교육청 경상남도창원교육지원청,2024/10/18 11:02,-
[20241018949-00] 도전리 도시계획도로 정비공사 실시설계 용역,충청북도 단양군,2024/10/18 10:55,2024/10/24 10:00
[20241019034-00] 남면 권역 국민체육센터 건립사업 기본 및 실시설계용역,강원특별자치도 홍천군,2024/10/18 09:31,-
[20241013931-01] 청주산단 통합관제 및 AI기반 모빌리티 분석 플랫폼 구축사업,메타빌드주식회사,2024/10/18 09:27,-
[20241016560-01] (서류제출 안내공고) 3단계 매립형처분시설 지하수유동모델링 용역,한국원자력환경공단,2024/10/18 08:39,2024/10/21 12:00
[20241018395-00] 부산기계공업고등학교 생활관(서관) 개축공사 설계용역(건축통신소방),중소벤처기업부 부산기계공업고등학교,2024/10/17 19:57,-
[20241018629-00] 충남형 스마트팜 복합단지 조성사업(서부) 기본 및 실시설계용역(가격입찰 후 PQ),충청남도 홍성군,2024/10/17 17:43,2024/10/23 10:00
[20241018601-00] 방서동 새뜰마을사업 노후건축물철거 폐기물처리 용역 수의견적 제출안내,충청북도 청주시,2024/10/17 17:34,2024/10/23 10:00
[20241017212-00] 과천주암 C-2BL 공동주택 건설공사 시공단계 감독권한대행 등 건설사업관리용역,한국토지주택공사,2024/10/17 16:35,2024/11/19 17:00
[20241018337-02] 「무릉별유천지 쇄석장 유휴공간 문화재생사업」 설계 제안공모,강원특별자치도 동해시,2024/10/17 16:34,-
[20241018166-00] 소양촉진4구역 도시개발사업 재해영향평가(재협의) 용역,강원특별자치도 춘천시,2024/10/17 15:43,2024/10/23 10:00
[20241018097-00] 동대문구 주거지정비 기본계획 수립 용역,서울특별시 동대문구,2024/10/17 15:23,-
[20241017986-00] 대전 중심의 바이오산업 중장기 종합계획(’26~’30) 수립,한국생명공학연구원,2024/10/17 15:11,2024/10/28 10:00
[20241016897-01] 인도네시아 친환경 전기버스 충전인프라 플랫폼 구축사업 실시설계,충남창조경제혁신센터,2024/10/17 15:07,2024/10/30 14:00
[20241017883-00] 구룡포농업인상담소 신축공사 실시설계 용역,경상북도 포항시 농업기술센터,2024/10/17 15:00,2024/10/23 10:00
[20241017923-00] 상봉암동 128-2번지 외 2개소 철거공사 건설폐기물처리용역,경기도 동두천시,2024/10/17 14:43,2024/10/23 10:00
[20241017925-00] 복하교(호법면) 주변 도로재포장공사 폐기물처리 용역,경기도 이천시,2024/10/17 14:41,2024/10/23 10:00
[20241017932-00] KHFC MBS 2024년 11월 발행분 전자입찰사 선정,한국주택금융공사,2024/10/17 14:40,2024/10/25 10:00
[20241017909-00] KHFC MBS 2024년 11월 발행분 신용평가사 선정,한국주택금융공사,2024/10/17 14:37,2024/10/25 10:00
[20241017879-00] 하도주거지역 경계(중로3-4-15) 도로개설공사 폐기물 처리용역 계약 체결 요청( ...,제주특별자치도 제주시,2024/10/17 14:34,2024/10/24 14:00
[20241017792-00] 주안부평스마트그린산단 촉진을 위한 신규사업 기획,한국산업단지공단,2024/10/17 14:10,2024/11/28 10:00
[20241017755-00] 청안면청안초통학로지중화사업도로정비공사실시설계용역,충청북도 괴산군,2024/10/17 14:02,2024/10/23 16:00
[20241017738-00] 괴산군로컬푸드유통센터건립사업기본및실시설계용역,충청북도 괴산군,2024/10/17 13:58,2024/10/23 16:00
[20241017717-00] 춘천시 하수도정비 기본계획(부분변경) 수립 용역(지명경쟁),강원특별자치도 춘천시 상하수도사업본부,2024/10/17 13:52,2024/10/23 10:00
"[20241017470-00] 남악고등학교 국외 체험학습 위탁용역 2단계(규격,가격 동시) 입찰 공고",전라남도교육청 남악고등학교,2024/10/17 11:57,2024/10/28 11:00
[20241017188-00] (가칭) 순천정원초등학교 신축공사 설계용역,전라남도교육청,2024/10/17 11:36,-
[20241017268-00] 서부교 유지보수공사 실시설계용역,충청북도 제천시,2024/10/17 10:46,2024/10/23 10:00
[20241017039-00] 2025학년도 장안중학교 2학년 숙박형 수학여행 용역 입찰 공고,부산광역시해운대교육청 장안중학교,2024/10/17 10:03,2024/10/28 16:00
[20241013103-00] 청년허브센터 조성사업 기본 및 실시설계 용역 수의견적 제출 안내공고,전북특별자치도 장수군,2024/10/17 09:46,2024/10/23 10:00
[20241017035-00] 석공 장성광업소 토양개량복원 및 정화 정밀조사용역,한국광해광업공단,2024/10/17 09:43,2024/10/29 10:00
[20241016932-01] 전북대학교병원 주사조제실 증축공사 설계용역,전북대학교병원,2024/10/17 09:40,2024/10/23 10:00
[20241015417-00] 2025학년도 통학버스 임차 용역 공고,서울특별시교육청 서울서진학교,2024/10/17 08:48,2024/10/24 10:00
[20241016807-00] 장자대로 보도 정비공사 폐기물처리 용역,경기도 구리시,2024/10/16 20:08,2024/10/22 12:00
[20241015451-00] 가덕도신공항 건설사업 재해영향평가 용역 가격입찰 안내공고,가덕도신공항건설공단,2024/10/16 19:18,2024/10/24 10:00
[20241016577-00] 모례지구 농촌공간정비사업 세부설계 용역,한국농어촌공사 경남지역본부 진주.산청지사,2024/10/16 17:40,2024/10/22 14:00
[20241016525-00] 사천 생태하천 복원사업 기본 및 실시설계용역,경상북도 영주시,2024/10/16 17:19,2024/10/22 10:00
[20241016419-00] 포천시 생활자원회수센터 현대화사업 기본 및 실시설계 용역,경기도 포천시,2024/10/16 17:03,2024/10/25 10:00
[20241016412-00] 사직동 시간우체국(어울림센터) 신축공사 안전점검 수행기관 지정 공고,광주광역시 남구,2024/10/16 17:00,2024/10/28 10:00
[20241015462-00] 파라과이 교통관리 역량강화,해외건설협회,2024/10/16 16:58,2024/11/18 10:00
[20241015447-00] 인도네시아 신수도 스마트시티 협력센터 설립·운영 사업,해외건설협회,2024/10/16 16:54,2024/11/18 10:00
[20241015436-00] 에티오피아 부동산 대량평가 시범시스템 구축 및 전국 확산 마스터플랜 수립 사업,해외건설협회,2024/10/16 16:53,2024/11/18 10:00
[20241016068-00] 2025년 업무용 차량(사장) 운전원 파견용역,안산도시개발(주),2024/10/16 16:52,2024/10/24 10:00
[20241013404-00] 신사천 하천재해복구사업 실시설계(가격입찰)(긴급),경상북도 영양군,2024/10/16 16:49,2024/10/22 12:00
[20241016370-00] 방축도어촌체험휴양마을 고도화 사업 설계 및 감리 용역,한국어촌어항공단,2024/10/16 16:33,2024/10/17 10:00
[20241016309-00] 대전만년초 천장교체 및 기타 전기공사 설계용역,대전광역시교육청 대전광역시서부교육지원청,2024/10/16 16:17,2024/10/22 10:00
[20241016308-00] 2024년 의용소방대원 국내 문화탐방 연수 용역,서울특별시 소방재난본부,2024/10/16 16:16,2024/10/17 12:00
[20241011673-01] 우리동네살리기 교동사랑방 신축공사 실시설계 용역(간이공모) 공고,전라남도 영암군,2024/10/16 15:17,-
[20241015894-00] 삼성초등학교 다목적강당 외벽개선 및 기타공사 설계용역 수의계약 안내 공고,경상남도교육청 경상남도사천교육지원청,2024/10/16 14:35,2024/10/22 10:00
[20241014904-00] 대구경찰수련원 신축사업을 위한 비슬산관광지조성계획(도시계획) 용역,경찰청 대구광역시경찰청,2024/10/16 14:22,2024/10/30 10:00
[20241015733-00] 하빈1지구 농촌공간정비사업 기본계획 수립 용역,한국농어촌공사 경남지역본부,2024/10/16 13:56,2024/11/26 10:00
[20241015625-00] 부산항 신항 서컨테이너터미널(2-6단계) 상부시설 축조공사(전기) 책임감리용역,부산항만공사,2024/10/16 13:51,2024/11/14 10:00
[20241015672-00] 서특단 3005함 양현 주기관 동파방지 플러그 교체수리(긴급),해양경찰청 해양경찰정비창,2024/10/16 13:43,2024/10/22 10:00
[20241015385-00] 가덕도신공항 건설사업 교통영향평가 용역 가격입찰 안내공고,가덕도신공항건설공단,2024/10/16 13:25,2024/10/24 10:00
[20241014914-00] 성남~복정 광역BRT 구축 사업 기본및실시설계용역(성남시 S-BRT 2단계 성남대로 ...,경기도 성남시,2024/10/16 11:13,-
[20241015165-00] 담양담양 1BL 아파트 건설공사 1공구 시공단계 감독권한대행 등 건설사업관리용역,한국토지주택공사,2024/10/16 11:07,2024/12/12 10:00
"[20241015302-00] 국립군산대 공대 1,4호관 리모델링 건축설계 제안공모",국립군산대학교,2024/10/16 11:03,-
[20241015266-00] 본점(인재개발원 포함) 조경관리 용역,한국수출입은행,2024/10/16 10:52,2024/10/23 11:00
[20241015142-00] 2024년 목재칩 임가공 단가계약,한국지역난방공사,2024/10/16 10:03,2024/11/07 10:00
[20241012318-00] 2024년 이중보온관 폐기물(PUR HDPE 폐단관일체형) 재활용용역 단가계약,한국지역난방공사,2024/10/16 09:11,2024/10/22 11:00
[20241014936-00] 2024년 지방투자 아카데미 행사 대행 용역,한국산업단지공단,2024/10/16 08:55,2024/10/29 10:00
[20241013912-00] 김해진례 B-1BL 및 C-1BL 시공단계 감독권한대행 등 통합건설사업관리용역,한국토지주택공사,2024/10/15 22:21,2024/11/15 17:00
[20241014159-00] 태화강역~장생포간 수소트램 운행 실시설계용역(가격입찰 후 PQ),울산광역시,2024/10/15 19:36,2024/10/22 14:00
[20241014708-00] 인천항 내항 1·8부두 재개발사업 교통영향평가용역,인천항만공사,2024/10/15 18:47,2024/10/21 14:00
[20241014694-00] 의정부정보도서관 리모델링 및 (가칭)기록공유관 조성공사 설계용역,경기도 의정부시,2024/10/15 18:38,2024/10/22 10:00
[20241014670-00] 에너지밸리 일반산업단지 공공폐수처리시설 2단계 설치사업 감독권한대행 ...,광주광역시 도시공사,2024/10/15 18:34,-
[20241014618-00] 위례터널 전력설비 이중화 구축 전기공사 재해예방 기술지도 용역,서울특별시 도로사업소 동부도로사업소,2024/10/15 17:50,2024/10/16 10:00
"[20241014118-00] 도심 돌리네 달빛 길 조성사업 디자인, 기본 및 실시설계 용역",강원특별자치도 동해시,2024/10/15 17:23,2024/10/21 10:00
[20241014301-00] 한국교원대학교 AI-Edutech 융합교육센터 신축공사 설계공모,한국교원대학교,2024/10/15 17:17,-
[20241014056-00] 전북과학고 기숙사 및 교사동 증축 설계용역(설계공모),전북특별자치도교육청 전북특별자치도익산교육지원청,2024/10/15 17:17,-
[20241013983-00] 남원시 대규모 스마트팜 창업단지 조성사업 기본계획 및 세부설계 용역,한국농어촌공사 전북지역본부,2024/10/15 16:28,2024/10/22 10:00
[20241014356-00] 경일여자고등학교 환경개선공사 설계용역,대구광역시교육청 경일여자고등학교,2024/10/15 16:27,2024/10/21 10:00
[20241014316-00] 익산시민역사기록관 기획 전시실 및 미디어테이블 제작 설치,익산시문화도시지원센터,2024/10/15 16:13,2024/10/21 17:00
[20241014249-00] 광주공업고등학교 광주형마이스터고 시설공사 설계 용역,광주광역시교육청 광주공업고등학교,2024/10/15 15:56,2024/10/21 10:00
[20241013666-00] 청남대 모노레일 설치 실시설계용역,충청북도,2024/10/15 15:51,2024/10/21 10:00
[20241014230-00] 진서면 복합청사 건립 건축설계 제안공모,전북특별자치도 부안군,2024/10/15 15:46,-
[20241014200-00] 행안면 복합청사 건립 건축설계 제안공모,전북특별자치도 부안군,2024/10/15 15:41,-
[20241013120-00] 남구 석산고등학교 일원 배수관 정비구간 포장복구공사 폐기물처리용역,광주광역시 상수도사업본부 서남광산수도사업소,2024/10/15 14:24,2024/10/22 12:00
[20241013673-00] 함평 기산 행복주택 건설사업부지 건설폐기물처리 용역,전라남도 함평군,2024/10/15 13:23,2024/10/22 14:00
[20241013565-00] 2025학년도 2학년 숙박형 현장체험학습 위탁 용역 입찰 공고,경기도교육청 성호고등학교,2024/10/15 11:55,2024/11/06 10:00
[20241013550-00] 버스공영차고지 정비동 신축 및 사무동 리모델링 실시설계 용역 수의견적 제출 ...,전라남도 영암군,2024/10/15 11:47,2024/10/22 10:00
[20241013540-00] 영암군 수제맥주 양조장 조성(리모델링) 공사 실시설계 용역 수의견적 제출안내 공고,전라남도 영암군,2024/10/15 11:43,2024/10/22 10:00
[20241012610-00] 곡성교육지원청 연립관사 증축공사 설계 용역,전라남도교육청 전라남도곡성교육지원청,2024/10/15 11:25,2024/10/22 10:00
[20241013397-00] 위례터널 전력설비 이중화 구축 전기공사 재해예방 기술지도 용역,서울특별시 도로사업소 동부도로사업소,2024/10/15 11:01,2024/10/15 18:00
[20241013357-00] 원주공항 태양광 발전시설 구축공사 감리용역(장기계속),한국공항공사 김포공항,2024/10/15 10:50,2024/10/23 10:00
[20241013276-01] 송파지하차도 외 1개소 진입차단시설 설치공사 재해예방 기술지도 용역,서울특별시 도로사업소 동부도로사업소,2024/10/15 10:48,2024/10/15 12:00
[20241013328-00] 방재시설개선 전기공사 재해예방 기술지도 용역,서울특별시 도로사업소 동부도로사업소,2024/10/15 10:44,2024/10/15 12:00
[20241013239-00] 위례터널 전력설비 이중화 구축 전기공사 재해예방 기술지도 용역,서울특별시 도로사업소 동부도로사업소,2024/10/15 10:24,2024/10/15 17:00
[20241013223-00] 국도19호선 금가 문산졸음쉼터 등 4개소 청소용역,국토교통부 대전지방국토관리청 충주국토관리사무소,2024/10/15 10:21,2024/10/21 10:00
[20241013193-00] 9호선 선정릉역 등 5역 고압 냉동기 오버홀 용역,서울교통공사,2024/10/15 10:15,2024/10/23 10:00
[20241013169-00] 완도초 그린스마트스쿨 개축공사 전기분야 설계용역,전라남도교육청,2024/10/15 10:07,2024/10/22 10:00
[20241012807-00] 영동군 관광종합개발계획 수립용역[협상에 의한 계약],충청북도 영동군,2024/10/15 09:54,2024/10/28 12:00
[20241012969-00] 경영대학 1호관 등 64개동 정기안전점검 용역,전남대학교,2024/10/15 08:58,2024/10/23 10:00
[20241012932-00] 자원순환센터 선별처리시설 건설 기본 및 실시설계 용역 사업수행능력평가서 ...,경기도 수원시,2024/10/15 08:07,-
[20241012873-00] 2023년 소뎅이항 어촌신활력증진사업 지역역량강화 용역(총괄 및 1차분),전라남도 여수시,2024/10/14 21:51,2024/10/18 12:00
[20241012813-00] 2024년 대구지사 무정전전원공급설비 유지보수용역,한국지역난방공사 대구지사,2024/10/14 20:35,2024/10/22 10:00
[20241012797-00] 친환경 고체미생물 배양센터 신축 공사 실시설계 용역 사업수행능력평가서 제출 안내,경기도 여주시,2024/10/14 20:24,-
[20241012792-00] 국립진주박물관 이전 건립부지 폐기물처리용역,경상남도 진주시,2024/10/14 20:21,2024/10/18 10:00
[20241010931-00] 종천면 기초생활거점 조성사업 지역력량강화 용역,충청남도 서천군 농업기술센터,2024/10/14 19:48,-
[20241012747-00] 장성동 청년징검다리 주택 건립사업 건축 설계공모,경상북도 포항시,2024/10/14 19:13,-
[20241012722-00] 아미리 도시계획도로(중로2-19호선) 개설공사 건설폐기물 처리용역,경기도 이천시,2024/10/14 19:00,2024/10/22 10:00
"[20241012713-00] 지방도461호선 오음~간척간 도로확포장공사(1공구) 건설폐기물처리용역(2024년, ...",강원특별자치도,2024/10/14 18:48,2024/10/18 10:00
[20241012708-00] 풍납동(3권역) 주택정비사업 모델개발 용역,서울특별시 송파구,2024/10/14 18:41,-
[20241012651-00] 문화예술회관 소공연장 시설 개선사업 건축 설계공모,경상북도 포항시,2024/10/14 18:17,-
[20241012643-00] 초촌면행정복지센터 건립사업 건축설계 간이공모,충청남도 부여군,2024/10/14 18:09,-
[20241011305-00] 블루카본 실증연구센터 건립사업 설계용역,해양수산부,2024/10/14 18:07,-
[20241012513-00] 주택건설공사 감리자(건축) 모집 재공고(상인천초교주변구역 재개발사업),인천광역시 남동구,2024/10/14 17:42,2024/11/05 11:00
[20241012538-00] 김천우체국 건립공사 설계의 경제성 등 검토(설계 VE) 용역,과학기술정보통신부 우정사업본부 우정사업조달센터,2024/10/14 17:38,2024/10/18 10:00
[20241009206-00] 재활용선별시설 증설공사 기본 및 실시설계 용역(가격입찰 후 PQ),경상북도 경산시,2024/10/14 17:34,2024/10/22 10:00
[20241012495-00] [부여]지방도723호 송암교차로 회전교차로 설치공사 폐기물처리용역,충청남도,2024/10/14 17:21,2024/10/22 10:00
[20241012478-00] (계속비)신명여자고등학교 공간재구조화 개축 건설폐기물 처리 용역,인천광역시교육청 신명여자고등학교,2024/10/14 17:16,2024/10/24 10:00
[20241011163-00] 파주 스포츠가치센터 및 스포츠산업 클러스터 타당성 조사 및 기본계획 수립 용역,경기도 파주시,2024/10/14 15:30,2024/10/25 10:00
[20241011933-00] 영암 현충공원 조성사업 기본 및 실시설계(디자인) 용역(협상에 의한 계약) ...,전라남도 영암군,2024/10/14 15:02,-
[20241011803-00] 용당도시계획도로(소2-60호선) 개설공사 폐기물처리용역,경상남도 양산시,2024/10/14 14:57,2024/10/21 10:00
[20241011904-00] 사천읍 평화리 11-40번지 지장가옥 철거공사 건설폐기물 처리용역,경상남도 사천시,2024/10/14 14:56,2024/10/18 15:00
[20241011888-00] 달빛정원 옥외 LED 디스플레이 설치 용역(협상/긴급),전라북도 남원시,2024/10/14 14:53,-
[20241010729-00] 내동초등학교 운동장 환경개선공사 건설폐기물처리용역 수의계약 안내 공고,경상남도교육청 경상남도진주교육지원청,2024/10/14 14:42,2024/10/18 10:00
[20241011535-00] 제약스마트팩토리플랫폼 구축 공사 감리용역(상주감리),대구경북첨단의료산업진흥재단,2024/10/14 14:38,2024/10/29 10:00
[20241011663-00] 덕천초 급식실 현대화공사 설계용역,경기도교육청 경기도안양과천교육지원청,2024/10/14 14:19,2024/10/18 10:00
[20241010897-00] 영동황간 아파트 건설공사 1공구 시공단계 감독권한대행 등 건설사업관리용역,한국토지주택공사,2024/10/14 13:55,2024/12/11 10:00
[20241011400-00] 동래구 신청사 시설관리 용역,부산광역시 동래구,2024/10/14 13:35,2024/10/22 10:00
[20241011557-00] 대부도 초 3교 통합학교 신설사업 사전기획용역 전자견적 제출 공고,경기도교육청 경기도안산교육지원청,2024/10/14 13:33,2024/10/18 10:00
[20241010769-00] 완주삼봉 S-1BL 및 익산송학 아파트 건설공사 시공단계 (통합)건설사업관리용역,한국토지주택공사,2024/10/14 13:28,2024/11/14 17:00
[20241009547-01] 용화여자고등학교 급식실 및 학생식당 증축 설계공모의 건,서울특별시교육청 용화여자고등학교,2024/10/14 13:25,-
[20241011469-00] 진도고등학교 해외문화탐방 현장체험학습 위탁용역 입찰 공고,전라남도교육청 진도고등학교,2024/10/14 13:08,2024/10/22 14:00
[20241011058-00] [긴급]순창 창의예술미래공간 복합시설 신축 설계용역 설계공모,전북특별자치도교육청 전북특별자치도순창교육지원청,2024/10/14 11:32,-
[20241011265-00] 장록습지 습지생태관 건립사업 건축 설계공모,광주광역시,2024/10/14 11:19,-
[20241011170-00] 보행자도로 내 노후시설 정비공사 폐기물처리용역,경기도 성남시 분당구,2024/10/14 11:02,2024/10/18 10:00
[20241011208-00] 2024년도 광교지사 굴뚝자동측정기기(TMS) 정기점검 용역,한국지역난방공사 광교지사,2024/10/14 10:57,2024/10/21 10:00
"[20241011097-00] 경남해양과학고등학교 본관 및 기숙사동 교육환경개선 설계용역(전기,통신,소방)",경상남도교육청 경남해양과학고등학교,2024/10/14 10:54,2024/10/18 14:00
[20241008648-00] [긴급]2025학년도 남양주다산고 2학년 숙박형 체험학습 위탁 용역 공고,경기도교육청 경기도구리남양주교육지원청 남양주다산고등학교,2024/10/14 10:41,2024/10/25 10:00
[20241010994-00] 김포공항 측정기기 교정검사 용역,한국공항공사 김포공항,2024/10/14 10:38,2024/10/23 10:00
[20241011039-00] 10.27법난기념관 건립 2동 설계용역,(재)대한불교조계종 유지재단,2024/10/14 10:24,-
[20241010947-01] 화순통합교육지원센터 증축공사 설계공모,전라남도교육청 전라남도화순교육지원청,2024/10/14 10:12,-
[20241010491-01] 대천항수산시장 해수 청정 위생시설 개보수 지원사업 실시설계 용역_계약대행,충청남도 보령시,2024/10/14 09:58,2024/10/17 10:00
[20241010952-00] 기업의 지방이전유인 분석을 통한 지방투자 활성화 연구용역,한국산업단지공단,2024/10/14 09:53,2024/10/25 10:00
[20241010692-00] 아트전시관 건립 및 문화의 뜰 조성공사 기본 및 실시설계용역 건축설계공모,울산광역시 북구,2024/10/14 09:43,-
[20241010621-00] 2024년 ~ 2025년 킨텍스 재산종합보험 및 테러보험,주식회사킨텍스,2024/10/12 09:28,2024/10/18 10:00
"[20241010578-00] 여주도시계획도로(소로3류127호외1, 구법원 앞) 건설폐기물 처리용역",경기도 여주시,2024/10/11 19:42,2024/10/17 10:00
[20241010528-00] 2025 전주시 글로벌 인재양성 영어능력강화사업 운영업체 선정(입찰대행)(협상),전북특별자치도 전주시,2024/10/11 18:10,2024/10/24 17:00
[20241009796-00] ... 안내공고 시행(성서산업단지재생사업 기반시설공사 무연분묘 개장용역 ...,대구광역시 도시건설본부,2024/10/11 18:00,2024/10/17 10:00
[20241010455-00] 포항경주공항 옹벽 및 절토사면 정밀안전점검 용역,한국공항공사 김해공항,2024/10/11 17:34,2024/10/21 10:00
[20241010343-00] 동탄~고덕 연계 열수송관공사(2차) 건설사업관리용역,한국지역난방공사,2024/10/11 17:22,2024/11/08 15:00
[20241010245-00] 2024년 건축설계 지반조사 통합용역,서울주택도시공사,2024/10/11 16:15,2024/10/17 12:00
"[20241009673-00] 10 BPD급 Solvent Deasphalting(SDA) 공정 기본설계 검토, 상세설계 및 모듈 ...",한국에너지기술연구원,2024/10/11 16:12,2024/10/25 10:00
[20241008341-00] 2025학년도 일산대진고 2학년 수학여행 위탁용역 입찰,경기도교육청 일산대진고등학교,2024/10/11 15:51,2024/10/25 16:00
[20241010099-00] 거제시 인구정책 기본계획 수립 연구용역,경상남도 거제시,2024/10/11 15:17,-
[20241010032-00] 드론도시관리센터(해양환경관리센터) 고도화,인천테크노파크,2024/10/11 15:03,2024/11/01 10:00
[20241000140-00] 2025학년도 2학년 숙박형 현장체험학습 위탁용역,경기도교육청 충훈고등학교,2024/10/11 15:00,2024/11/04 15:00
[20241009913-00] 김포항공대 사무동 증축사업 설계용역,해양경찰청 중부지방해양경찰청,2024/10/11 14:48,2024/10/18 10:00
[20241009977-00] [가격입찰]제4차 지방하천정비사업 종합계획수립 건설엔지니어링,경상북도,2024/10/11 14:43,2024/10/21 10:00
[20241009345-00] [긴급] 명륜초 특별교실동 개축공사 설계용역,강원특별자치도교육청 강원특별자치도원주교육지원청,2024/10/11 14:00,2024/10/17 10:00
[20241001642-00] 2024. 광양영재교육원 국외체험학습 위탁 용역,전라남도교육청 전라남도광양교육지원청,2024/10/11 13:17,2024/10/18 14:00
[20241009733-00] 남원 옻칠 목공예 전시관 건립사업 기본 및 실시설계 용역(설계공모),전라북도 남원시,2024/10/11 13:16,-
[20241009453-00] 충남청 경찰특공대 신설 신축 건축·통신·소방 설계용역,경찰청 충청남도경찰청,2024/10/11 13:12,-
[20241009664-00] 관세청 인천세관 청사신축사업(건축·통신·소방) 설계용역,관세청 인천세관,2024/10/11 13:11,-
[20241009697-00] 나래관 외 5개동 냉난방 전기공사 설계용역,강원대학교,2024/10/11 12:56,2024/10/17 10:00
[20241008915-00] 영광옥당중 그린스마트스쿨 개축공사 전기분야 설계용역,전라남도교육청,2024/10/11 12:54,2024/10/17 10:00
[20241009120-00] 도란유 외 11교 급식조리실 환기설비 개선 전기공사 설계용역,세종특별자치시교육청 세종특별자치시교육청학교지원본부,2024/10/11 11:04,2024/10/17 10:00
[20241009285-00] (긴급) 2024년 임원배상책임보험 보험사 선정,한국수출입은행,2024/10/11 10:39,2024/10/17 10:00
[20241009303-00] 여주경찰서 직원관사 재건축사업 설계용역,경찰청 경기도남부경찰청,2024/10/11 10:01,2024/10/17 14:00
[20241009294-00] 2024 구미 국제행사 개최도시 공공디자인 사업,경상북도 구미시,2024/10/11 09:48,-
[20241009218-00] 묵호초 강원형 학교시설 개축공사 설계용역(제안공모),강원특별자치도교육청 강원특별자치도동해교육지원청,2024/10/11 09:19,-
[20241008540-00] 재송2동 복합청사 건립 설계공모,부산광역시 해운대구,2024/10/11 08:57,-
[20241009155-00] 나라키움 천안세관 복합청사 신축사업 설계공모,한국자산관리공사 국유재산관리기금,2024/10/11 07:30,-
"[20241008065-00] 대전대동2 1,2BL 공동주택 및 조성공사 시공단계 감독권한대행 등 건설사업관리용역",한국토지주택공사,2024/10/10 19:10,2024/11/13 17:00
[20241008965-00] 해산물 가공센터 조성공사 건설폐기물 처리용역,전북특별자치도 군산시,2024/10/10 18:34,2024/10/17 12:00
[20241008908-00] 울진 해양 그리드 데이터센터센터 건립공사 건축설계 공모,경상북도 울진군,2024/10/10 18:02,-
[20241008851-00] 「보건의료인국가시험 보안합숙 및 시설임차 용역」 사업자 선정 제안서 제출 ...,한국보건의료인국가시험원,2024/10/10 17:39,2024/10/22 10:00
[20241007170-00] 대용량 LiB-UPS 시스템 단위 안전성 평가센터 건립 설계 제안공모,한국전기안전공사,2024/10/10 17:20,-
[20241004910-00] 좌원상가(아파트) 도시정비형 재개발 정비사업 설계용역(기본설계),한국토지주택공사,2024/10/10 16:58,2024/10/31 10:00
"[20241008649-00] 장수군(천천면, 계남면, 계북면) 기본계획 수립 용역",한국농어촌공사 전북지역본부,2024/10/10 16:32,2024/11/22 10:00
[20241008482-00] 문경시의회 복합청사 위탁개발 건설사업관리용역,한국자산관리공사,2024/10/10 16:27,2024/11/05 10:00
[20241008624-00] 2025년 재산종합보험,한국산업기술시험원,2024/10/10 16:24,2024/10/18 10:00
[20241008538-00] 용암산 이끼생태공원 관리동 신축공사 실시설계용역,경상북도 영주시,2024/10/10 15:58,2024/10/16 10:00
[20241008518-00] 2025학년도 호평고 2학년 주제별 체험학습(수학여행) 위탁용역 입찰 공고,경기도교육청 호평고등학교,2024/10/10 15:55,2024/10/31 12:00
[20241008420-00] 9호선 언주역 고압 냉동기 오버홀 용역,서울교통공사,2024/10/10 15:41,2024/10/18 10:00
"[20241008370-00] 대구논공초등학교 외 3교(옥포초, 테크노초, 유가중) 환경개선공사 설계용역",대구광역시교육청 대구광역시달성교육지원청,2024/10/10 15:30,2024/10/16 10:00
[20241008359-00] 함박마을 상생교류소 건립공사 폐기물처리 용역 [긴급],인천광역시 연수구,2024/10/10 15:04,2024/10/16 10:00
[20241008230-00] 2025학년도 판교고등학교 2학년 숙박형 주제별체험학습 위탁용역 입찰 공고,경기도교육청 판교고등학교,2024/10/10 14:31,2024/10/31 16:00
[20240928375-01] 신길12구역 사회복지복합시설 및 유치원 건립공사 건설사업관리용역,서울특별시 영등포구,2024/10/10 14:28,2024/11/11 14:00
[20241008217-00] 청도공설운동장 개보수사업 기본 및 실시설게용역(건축설계공모),경상북도 청도군,2024/10/10 14:16,-
[20241007495-00] 양산사송 A-7BL 아파트 건설공사 시공단계 감독권한대행 등 건설사업관리용역,한국토지주택공사,2024/10/10 13:58,2024/11/12 17:00
[20241008121-00] 대청댐계통광역상수도 토양시료 성분분석 용역,국토안전관리원,2024/10/10 13:56,2024/10/18 12:00
[20241007849-00] 인천청선학교 장애인 경사로 및 다목적실 증축공사 설계용역,인천광역시교육청 인천광역시동부교육지원청,2024/10/10 11:14,2024/10/16 10:00
[20241007752-00] 광주소방서 송정119안전센터 신축 설계 공모,경기도 소방재난본부,2024/10/10 10:45,-
[20241007666-00] 송도국제도시 첨단산업클러스터(C) 개발계획 및 실시계획 변경 수립 용역,인천광역시 경제자유구역청,2024/10/10 10:29,2024/10/18 10:00
[20240909538-01] 서울시 노동자복지관 복합화사업 건설공사 감독권한 대행 등 건설사업관리용역,서울주택도시공사,2024/10/10 10:10,2024/10/24 12:00
[20241007606-00] 2024학년도 제주중앙고등학교 해외인턴십 위탁용역 (전자시담),제주특별자치도교육청 제주중앙고등학교,2024/10/10 10:00,2024/10/14 10:00
[20241007457-00] 2024학년도 한국선진학교 겨울방학 지역사회 돌봄 위탁 용역(긴급)재 공고,교육부 국립각급학교 한국선진학교,2024/10/10 09:15,2024/10/21 10:00
"[20241004838-00] 오산세교2 A-11BL,A-12BL 아파트 시공단계 감독권한대행 등 건설사업관리용역",한국토지주택공사,2024/10/10 09:11,2024/11/11 17:00
[20241007438-00] 장성하이텍고 그린스마트스쿨 개축 및 리모델링공사 전기분야 설계용역,전라남도교육청,2024/10/10 08:59,2024/10/16 10:00
[20241007436-00] 수원천 하천환경 정비사업 시행계획 수립 용역,경기도 수원시,2024/10/10 08:56,-
"[20241006700-00] 제천 의림지뜰 자연치유단지 건설사업관리용역(총괄분, 1차분)",충청북도 제천시,2024/10/10 07:22,2024/10/31 10:00
[20241007243-00] 2024년 디지털(첨단 ICT) 활용 시범교실 구축·운영 지원 사업 추가 타당성 조사,(사)에이펙국제교육협력원,2024/10/08 20:29,-
[20241007226-00] 제1정수장 복합문화전시관 조성 기본계획 및 타당성 조사 용역,경상남도 진주시,2024/10/08 19:57,2024/10/15 10:00
[20241007207-00] 아차산로 주요 도로정비공사 폐기물처리 용역,경기도 구리시,2024/10/08 19:36,2024/10/15 12:00
[20241007171-00] 광양읍 농촌중심지 배후마을 건축설계 용역,전라남도 광양시,2024/10/08 18:50,2024/10/15 10:00
[20241007085-00] 도시계획시설 실효에 따른 도시관리계획 변경 용역,광주광역시 북구,2024/10/08 17:51,2024/10/11 15:00
[20241006874-00] 2024년도 소장작품 보험가입,문화체육관광부 국립현대미술관,2024/10/08 17:49,2024/10/18 10:00
[20241007054-00] 태안 1506함 스러스트 분해수리,해양경찰청 해양경찰정비창,2024/10/08 17:43,2024/10/16 10:00
[20241007035-00] 태안 1506함 양현 스턴튜브 씰 교체수리,해양경찰청 해양경찰정비창,2024/10/08 17:37,2024/10/16 10:00
[20241007012-00] 태안 1506함 양현 V，I STRUT 베어링 교체수리,해양경찰청 해양경찰정비창,2024/10/08 17:32,2024/10/16 10:00
[20241007005-00] 주암 월평 농어촌 취약지역 생활여건 개조사업 휴먼케어 및 지역역량강화용역( ...,전라남도 순천시,2024/10/08 17:31,-
[20241007003-00] 승주 석동 농어촌 취약지역 생활여건 개조사업 휴먼케어 및 지역역량강화용역( ...,전라남도 순천시,2024/10/08 17:30,-
[20241006929-00] 튜닝안전기술원 청소 용역,한국교통안전공단,2024/10/08 17:17,2024/10/15 12:00
[20241006925-00] 강진군 생활자원회수시설 설치 기본 및 실시설계 용역,전라남도 강진군,2024/10/08 17:14,-
[20241006759-02] 2025년도 관할산단 입주기업체 현황 전수조사,한국산업단지공단,2024/10/08 17:12,2024/11/20 10:00
[20241006826-00] 마산천 지방하천 재해복구사업 실시설계용역,충청남도 건설본부,2024/10/08 17:11,2024/10/15 10:00
[20241005522-00] 시흥하중 A-2BL 아파트 건설공사 시공단계 감독권한대행 등 건설사업관리용역,한국토지주택공사,2024/10/08 16:29,2024/11/08 17:00
[20241006723-00] 남면 공공임대주택 건립사업 설계공모 공고,강원특별자치도 정선군,2024/10/08 16:14,-
[20241005157-00] 2024년 거제시 죽림항 어촌신활력증진사업(유형1) 기본계획 수립용역,한국어촌어항공단,2024/10/08 15:37,2024/10/22 10:00
[20241003873-00] 2025년 뇌사장기기증 검체운송 용역,한국장기조직기증원,2024/10/08 15:32,2024/10/15 17:00
[20241006560-00] 무안군 생활폐기물 매립시설 침출수처리시설 개선사업 기본 및 실시설계용역,전라남도 무안군,2024/10/08 15:28,2024/10/15 10:00
[20241005369-00] 전하동 도시계획도로(소2-628호선) 개설공사 폐기물처리용역,경상남도 김해시,2024/10/08 15:25,2024/10/15 16:00
[20241006436-00] 군산고 과학관 및 음악관 개축 설계 제안공모,전북특별자치도교육청 전북특별자치도군산교육지원청,2024/10/08 14:51,-
[20241005074-00] 영선2-2지구 급경사지 붕괴위험지역 정비사업 폐기물처리용역(장기계속계약),부산광역시 영도구,2024/10/08 14:08,2024/10/15 10:00
[20241006247-00] 자호천(3지구) 재해복구사업 건설폐기물처리용역(3차),경상북도,2024/10/08 14:07,2024/10/17 10:00
[20241005883-00] 2024년 파주지사 굴뚝자동측정기기(TMS) 유지보수 용역,한국지역난방공사 파주지사,2024/10/08 10:59,2024/10/15 14:00
[20241005789-01] 현장조사용 단말기 교체분 통신사 선정,한국부동산원,2024/10/08 10:40,2024/10/16 10:00
[20241005760-00] 구산중학교 교사동 증축공사 설계용역,경상남도교육청 경상남도창원교육지원청,2024/10/08 10:33,2024/10/15 10:00
[20241001465-00] 대전만년초 천장교체 및 기타공사 설계용역,대전광역시교육청 대전광역시서부교육지원청,2024/10/08 10:12,2024/10/15 10:00
[20241005147-00] 한국가요촌 달하 경관개선사업 기본 및 실시설계용역,전북특별자치도 정읍시,2024/10/08 09:14,2024/10/15 10:00
[20241005510-00] 전북펫고 기숙사 증축 설계용역,전북특별자치도교육청 전북특별자치도임실교육지원청,2024/10/08 09:14,2024/10/15 10:00
[20241005458-00] 2025학년도 과천외고 주제별 체험학습 용역,경기도교육청 과천외국어고등학교,2024/10/08 08:30,2024/10/29 10:00
[20241005337-00] 건설폐기물운반 및 중간처리용역[묵동천 수변활력거점 조성사업],서울특별시 중랑구,2024/10/07 20:02,2024/10/15 10:00
[20241005326-00] 중요기록물 DB화 3차사업,(재)우체국시설관리단,2024/10/07 19:34,2024/10/17 12:00
[20241005296-00] 충주시민의숲목재문화관건립건축설계용역(설계공모),충청북도 충주시,2024/10/07 18:58,-
[20240916690-01] 양주시 공동형 종합장사시설 건축기획 및 건설공사 타당성 조사 용역 사업수행 ...,경기도 양주시,2024/10/07 18:08,-
[20241005188-00] 웰컴보은 세컨하우스 조성사업 기본 및 실시설계 용역,충청북도 보은군,2024/10/07 18:08,2024/10/14 10:00
[20241004099-00] 대구경북환경본부 통합 신청사 건립사업 기본 및 실시설계 용역,한국환경공단 대구경북환경본부,2024/10/07 17:40,-
[20240928119-01] 함파우 아트밸리(키즈아트랜드) 사업(건축) 설계 제안 공모(긴급),전라북도 남원시,2024/10/07 17:35,-
[20241005059-00] 순창군 치유농업테마공원조성사업 건축감리 용역,한국농어촌공사 전북지역본부 순창지사,2024/10/07 17:20,2024/10/15 10:00
[20241003867-00] 매곡초등학교 앞 재포장공사 폐기물처리용역,경기도 이천시,2024/10/07 17:15,2024/10/14 14:00
[20241001948-00] 성주군 농촌공간 재구조화 및 재생 기본 · 시행계획 수립 용역,경상북도 성주군,2024/10/07 17:09,-
[20241005003-00] 2024년 어린이보호구역 개선사업 폐기물처리용역,경기도 광명시,2024/10/07 17:01,2024/10/15 10:00
[20241004901-00] 광주공업고등학교 건축과 및 전자과 학과재구조화 공사 설계 용역 수의계약 안내 공고,광주광역시교육청 광주공업고등학교,2024/10/07 16:44,2024/10/14 10:00
[20241004814-00] 영서고 유도훈련장 신축공사 설계용역,강원특별자치도교육청 강원특별자치도원주교육지원청,2024/10/07 16:40,2024/10/14 10:00
[20241004926-00] 대한석탄공사 장성광업소 지반안정성 기본조사용역,한국광해광업공단,2024/10/07 16:37,2024/11/07 10:00
[20241004482-01] 가칭 전남국제직업고 본관동등 5동 보수공사 건축설계용역,전라남도교육청,2024/10/07 16:33,2024/10/14 10:00
[20241003744-00] 행정중심복합도시 5-1L1BL 및 L3BL 시공단계 감독권한대행 등 건설사업관리용역,한국토지주택공사,2024/10/07 16:28,2024/11/07 17:00
[20241004682-00] 2024년 한국지역난방공사 동탄지사 구내식당 위탁운영용역,한국지역난방공사 동탄지사,2024/10/07 16:19,2024/10/16 10:00
[20241004755-00] 2024년 부천시 홍보포털 생생부천 전면개편(긴급),경기도 부천시,2024/10/07 15:51,-
[20241004663-00] 왕암천 지방하천 재해복구사업 실시설계용역,충청남도 건설본부,2024/10/07 15:25,2024/10/15 10:00
[20241004643-00] 신촌소하천 정비공사 폐기물처리용역 소액수의 견적제출 안내 공고,충청북도 진천군,2024/10/07 15:17,2024/10/16 11:00
[20241004618-00] 삼척시 농촌공간 재구조화 및 재생 기본계획 및 시행계획 수립 용역,강원특별자치도 삼척시,2024/10/07 15:11,-
[20241004426-00] 제천 종합실내체육관 건립사업 기본 및 실시설계용역 건축설계 공모,충청북도 제천시,2024/10/07 14:22,-
[20241004222-00] 광동고 고교학점제 학교공간조성사업 재구조화 및 증축공사 설계용역 소액수의 ...,경기도교육청 광동고등학교,2024/10/07 13:56,2024/10/14 14:00
[20241002619-00] 오감지구 농어촌 취약지역 생활여건 개조사업 시행계획(세부설계) 수립 용역,경상남도 의령군,2024/10/07 13:31,2024/10/14 10:00
[20241004231-00] 영암도서관 특화 및 리모델링(증축 포함) 사업 실시설계 용역 (설계공모) 공고,전라남도 영암군,2024/10/07 13:26,-
[20241004045-00] 마리안느-마가렛 글로벌 리더양성 거점공간 조성 설계공모,전라남도 고흥군,2024/10/07 11:25,-
[20241001920-00] 경찰청 서울경찰훈련센터 증축사업 전기 설계용역,경찰청,2024/10/07 11:18,2024/10/15 10:00
[20241003997-00] 2024년도 산업집적지경쟁력강화사업 성과분석 연구 용역,한국산업단지공단,2024/10/07 11:16,2024/10/18 10:00
[20241003644-01] 운문면정상리(구룡마을)급수관로설치사업 폐기물처리용역,경상북도 청도군 물관리사업소,2024/10/07 09:26,2024/10/15 10:00
[20241001320-00] 메아리학교 본관교사동 개축공사 설계공모 공고,울산광역시교육청 메아리학교,2024/10/07 09:02,-
[20240926742-02] 수의(총액) 견적제출 변경공고(서천군 화성지구 농촌공간정비사업 기반시설 ...,충청남도 서천군 농업기술센터,2024/10/06 09:50,2024/10/11 15:00
[20241003505-00] 석촌지하차도 외 2개소 지상분전반 개량 공사 실시설계 용역,서울특별시 도로사업소 동부도로사업소,2024/10/05 18:26,2024/10/07 12:00
[20241003504-00] 위례터널 외 3개소 노후 방재설비 개량사업 실시설계 용역,서울특별시 도로사업소 동부도로사업소,2024/10/05 18:13,2024/10/07 12:00
[20241003413-00] 장곡동 주차타워 건립사업 기본 및 실시설계 용역,경기도 시흥시,2024/10/04 19:26,2024/10/14 10:00
[20241003408-00] 신정3동 노외주차장 조성사업 건설폐기물처리용역(폐콘크리트 및 혼합폐기물),울산광역시 남구,2024/10/04 19:21,2024/10/11 10:00
[20241003323-00] 시흥시 탄소중립 녹색성장 기본계획 및 제3차 기후위기 적응대책 수립 연구용역,경기도 시흥시,2024/10/04 18:39,-
[20241003377-00] 최첨단 해양허브 인공섬 기본구상 및 사업화방안 수립용역,충청남도 보령시,2024/10/04 18:23,-
[20241003331-00] 작전동 679-12번지 일원 공영주차장 조성공사 실시설계용역,인천광역시 계양구,2024/10/04 17:53,2024/10/10 10:00
[20241003302-00] 2024년 금강야적장 혼합건설폐기물 처리용역(단가계약),전북특별자치도 익산시,2024/10/04 17:43,2024/10/11 14:00
[20241002651-00] 충청지방통계청 옥천분소 청사 신축 설계용역,통계청 충청지방통계청,2024/10/04 17:27,-
[20241003263-00] 안양 공공복합체육시설 건립 타당성 조사 및 기본계획 수립용역 (협상),경기도 안양시,2024/10/04 17:23,-
[20241003212-00] 구리시 장애인복지회관 건립사업 건축 설계공모,경기도 구리시,2024/10/04 17:20,-
[20241003171-00] 인천항 내항 1.8부두 재개발사업 (약식) 환경영향평가용역,인천항만공사,2024/10/04 17:04,2024/10/14 10:00
[20241003206-00] 신천지구 중로2-6호선 외 1개노선 개설공사 GIS DB 구축용역,경기도 가평군,2024/10/04 16:57,2024/10/10 10:00
[20241002916-00] 선운중학교 환경개선(실개조)공사 설계용역 수의계약 안내공고,광주광역시교육청 광주광역시서부교육지원청,2024/10/04 16:31,2024/10/11 10:00
[20241001942-00] 통영 목재문화체험장 조성사업 건축설계 공모(일반공모),경상남도 통영시,2024/10/04 16:28,-
[20241002350-00] 농촌 활성화센터 신축사업 건축설계 용역,경상남도 통영시,2024/10/04 16:27,2024/10/11 11:00
[20241003053-00] 청주국제공항 국제선청사 증축 기본계획 수립 및 타당성평가 용역,한국공항공사,2024/10/04 15:53,2024/10/15 10:00
[20241002968-00] [PQ 후 가격입찰]모래내 다온플랫폼 조성등 3개소 건립공사 감독권한대행 등 ...,부산광역시 사상구,2024/10/04 15:38,2024/10/11 10:00
[20241002876-00] 동절기 양생불량 콘크리트의 구조성능 및 안전성 평가,계명대학교 산학협력단,2024/10/04 14:57,-
[20241002836-00] 2024년 재난·안전정보시스템 개편사업 개인정보영향평가,한국지역정보개발원,2024/10/04 14:54,2024/10/15 10:00
[20240920049-01] 의령군 농촌공간 재구조화 및 재생 기본·시행계획 수립 용역(협상에의한계약),경상남도 의령군,2024/10/04 14:42,-
[20240927279-00] 혁신육아복합센터 B동(인천맘센터) 설계변경 실시설계용역,인천광역시 종합건설본부,2024/10/04 14:33,2024/10/11 10:00
[20241001870-00] 군북초 다목적강당 및 급식소 증축공사 설계공모,경상남도교육청 경상남도함안교육지원청,2024/10/04 13:50,-
[20241002626-00] 안성시 승두천 통합물환경 개선(생태하천복원) 기본 및 실시설계,한국환경공단,2024/10/04 13:40,2024/11/05 10:00
[20241002435-00] 광주소년원 위탁시설 증축 설계용역,법무부,2024/10/04 13:24,2024/11/22 14:00
[20241002179-00] (가칭)이건희 기증관 건립 사업 전기공사 설계용역,문화체육관광부,2024/10/04 12:51,2024/10/30 10:00
[20241001944-00] 2024년 동북권 공공데이터 활용 지역사회 문제 해결 해커톤 운영 용역,재단법인 포항테크노파크,2024/10/04 10:50,2024/10/11 14:00
[20241000659-00] 진안군 농촌공간 재구조화 및 재생 기본계획 수립용역(협상에의한계약),전북특별자치도 진안군,2024/10/04 10:40,-
[20241002294-00] 오방상권 상징공간 조성,재단법인 연제구상권활성화재단,2024/10/04 10:34,2024/10/25 14:00
[20241002261-00] 신내 특수학교 보상사업 토지관리 도급용역(정식운영),서울주택도시공사,2024/10/04 10:23,2024/10/15 12:00
[20241001749-00] 지사동 1169-4번지 일원 도로정비공사 폐기물(폐아스콘) 처리용역,부산광역시 강서구,2024/10/04 10:17,2024/10/11 10:00
[20241002233-00] 개포 구룡마을 도시개발사업 토지관리 도급용역(10차),서울주택도시공사,2024/10/04 10:13,2024/10/15 12:00
[20241000191-00] 전기설계용역(대구경찰수련원 신축사업),경찰청 대구광역시경찰청,2024/10/04 10:11,2024/10/18 10:00
[20241002103-00] 창호초 체육관 및 급식소 증축공사 설계용역(제안공모),강원특별자치도교육청 강원특별자치도동해교육지원청,2024/10/04 09:24,-
[20241001932-00] 고산로 외 1개소 노면 개량공사 폐기물처리 용역,경기도 의왕시,2024/10/04 08:52,2024/10/11 10:00
[20241002062-00] 시흥1동 주택가 시·구유 공영주차장 통합·증축 설계공모,서울특별시 금천구,2024/10/04 08:43,-
[20241001939-00] 『슬기로운 동네생활』 마스터플랜 수립 용역,충청남도 당진시,2024/10/03 11:49,2024/10/11 10:00
[20241001925-00] 왕곡로 노면 개량공사 폐기물처리 용역,경기도 의왕시,2024/10/03 10:58,2024/10/11 10:00
[20241001875-00] 동부권역 농업인 다목적 체육관 건립사업 기본 및 실시설계용역(간이공모),충청남도 서천군,2024/10/02 20:55,-
[20241001683-00] 오송역 선하부지 휴게공간 조성사업 건설사업관리용역 PQ제출안내,충청북도,2024/10/02 17:40,-
[20241001627-00] 푸드테크 연구지원센터 기본 및 실시설계 용역,한국식품산업클러스터진흥원,2024/10/02 17:36,2024/10/29 10:00
[20241001475-00] (24G062-B1)특수 Virtual 전술훈련체계 구축사업,국방부 국군재정관리단,2024/10/02 17:35,2024/10/23 10:00
[20241000665-00] 대천항수산시장 해수 청정 위생시설 개보수 지원사업 실시설계 용역_계약대행,충청남도 보령시,2024/10/02 17:31,2024/10/10 10:00
[20241001605-00] 영주 살아보기 워케이션 공간 조성공사 실시설계용역,경상북도 영주시,2024/10/02 17:09,2024/10/10 10:00
[20241001580-00] 노면수 월류 저감방안 마련을 위한 타당성조사 및 기본계획 용역,서울특별시,2024/10/02 17:04,2024/11/01 12:00
[20241001473-00] 동대문구 주거지정비 기본계획 수립 용역(긴급),서울특별시 동대문구,2024/10/02 16:35,-
[20241001441-00] 고성군 산성지구 농촌공간정비사업 기본계획 수립 용역(협상에 의한 계약)[입찰 ...,경상남도 고성군,2024/10/02 16:26,-
[20241001061-00] 인제군청 및 의회 신청사 건립사업 설계용역,강원특별자치도 인제군,2024/10/02 16:23,-
[20241001175-00] 가칭 울산학생창의누리관 설립공사 건축설계 제안공모 공고,울산광역시교육청,2024/10/02 16:10,-
[20241001391-00] 부용고 냉난방 개선공사 설계용역,경기도교육청 경기도의정부교육지원청,2024/10/02 16:09,2024/10/10 10:00
[20240920401-00] 가정법원종합지원센터 신축 전기설계용역,대법원,2024/10/02 15:50,2024/10/11 10:00
[20241001282-00] 대한민국 국제물주간 2024 전시회 전시부스 설치용역,(주)엑스코,2024/10/02 15:45,2024/10/11 10:00
[20241001134-00] 굴포천역 남측 도심 공공주택 복합지구 지장물 기본조사용역,인천도시공사,2024/10/02 15:02,2024/10/31 12:00
[20241001108-00] 2024 대한민국 지방시대 엑스포 세종시 전시관 설치·운영 용역,세종특별자치시,2024/10/02 14:58,2024/10/10 17:00
[20241001109-00] 나라키움 수원세무서 복합청사 신축 설계용역,한국자산관리공사 국유재산관리기금,2024/10/02 14:56,-
[20241001098-00] 생림면 기초생활거점조성사업 건설폐기물처리 용역,경상남도 김해시,2024/10/02 14:55,2024/10/10 16:00
[20241000708-00] 대구경찰수련원 신축 건축설계용역,경찰청 대구광역시경찰청,2024/10/02 14:29,-
"[20241000992-00] 매산, 행궁 주거환경 관리사업 변경 및 해제 용역",경기도 수원시,2024/10/02 14:26,2024/10/10 10:00
[20241000146-00] 생연동 590-2 지장물철거 및 임시화장실 설치 건설폐기물처리용역,경기도 동두천시,2024/10/02 14:23,2024/10/10 10:00
[20240921386-01] 구리고 2025학년도 2학년 주제별체험학습 위탁용역 입찰,경기도교육청 구리고등학교,2024/10/02 14:12,2024/10/16 11:00
[20240915903-01] 2024학년도 제주중앙고 작업계고 해외인턴십 위탁요역 공고,제주특별자치도교육청 제주중앙고등학교,2024/10/02 13:41,2024/10/07 10:00
"[20241000207-00] 거제고 다목적강당 및 시청각실 증축공사 설계용역(건축, 기계설비, 토목 등) ...",경상남도교육청 거제고등학교,2024/10/02 12:57,2024/10/10 10:00
[20241000578-00] 평택보호관찰소 청사 신축 건설사업관리용역,법무부,2024/10/02 10:56,2024/11/27 14:00
[20241000254-01] 완도해양치유센터 인피니티 풀 조성사업 실시설계용역,전라남도 완도군,2024/10/02 10:34,2024/10/08 12:00
[20240926381-01] 경북대학교 IT2호관 개축 설계용역 설계공모,경북대학교,2024/10/02 10:07,-
[20240927382-00] 거창승강기고등학교 실습동 증축사업 설계공모 공고,경상남도교육청 경상남도거창교육지원청,2024/10/02 09:59,-
[20241000188-00] 국제우편물 선편운송용역(8개 구간),과학기술정보통신부 우정사업본부 서울지방우정청,2024/10/02 09:44,2024/10/10 10:00
[20241000244-00] 장평커뮤니티센터 조성사업 실시설계 용역(건축설계공모),전라남도 장흥군,2024/10/02 09:03,-
[20240928414-00] 설계 제안공모 공고(옥정~포천 광역철도 차량기지 건설공사 기본 및 실시설계용역),경기도청 북부청사,2024/09/30 18:08,-
[20240928402-00] 부안읍 농촌중심지활성화 및 나래청소년수련관조성사업 건축감리 용역,한국농어촌공사 전북지역본부 부안지사,2024/09/30 18:04,2024/10/07 10:00
[20240928083-00] 광장주차장 환경개선공사 건축설계용역,(주)강원랜드,2024/09/30 17:48,2024/10/25 10:00
[20240928169-00] 성산어울림센터 건립사업 일반설계 공모 시행,경상북도 고령군,2024/09/30 17:38,-
[20240924984-00] 「제주형 스마트양식 클러스터 조성사업」 실시설계 용역,한국농어촌공사 제주지역본부,2024/09/30 17:23,2024/11/11 12:00
[20240928096-00] 도청 자연재해위험개선지구 정비사업 폐기물처리용역,충청북도 음성군,2024/09/30 16:58,2024/10/07 10:00
[20240927105-00] 광주광역시교육청AI교육원 전시·체험 콘텐츠 설계·제작·설치 용역 입찰 공고,광주광역시교육청 광주광역시교육연구정보원,2024/09/30 16:57,2024/11/11 10:00
[20240927278-00] (가칭)첨단3초등학교 신축공사 설계용역,광주광역시교육청,2024/09/30 16:45,-
[20240927796-00] 미래여건 변화를 고려한 GH형 넷제로 지향 도시 실현전략 수립 용역,경기주택도시공사,2024/09/30 16:31,2024/10/22 16:00
[20240928079-00] 2024년 3차 타당성조사 외부연구진 참여 재공고,한국지방행정연구원,2024/09/30 16:29,-
[20240928046-00] 무안고 기숙사 승강기 증축 및 리모델링공사 건축분야 설계용역,전라남도교육청 전라남도무안교육지원청,2024/09/30 16:19,2024/10/08 10:00
[20240927266-00] 2024년 중남초 그린스마트미래학교 사전기획용역,울산광역시교육청,2024/09/30 16:15,2024/10/02 18:00
[20240928039-00] 보행자 사회재난예방 도로개선 기본계획 수립 용역,서울특별시,2024/09/30 16:15,2024/11/01 16:00
[20240927995-00] 안면중학교 2024학년도 3학년 국외 역사문화탐방 위탁 용역,충청남도태안교육청 안면중학교,2024/09/30 16:01,2024/10/21 16:00
[20240927935-00] 2024년 동탄지사 열수송관공사 공공측량 용역,한국지역난방공사 동탄지사,2024/09/30 15:47,2024/10/10 10:00
[20240927897-00] 일산호수공원 장미원 명소화 조성사업 폐기물처리용역,경기도 고양시,2024/09/30 15:33,2024/10/08 10:00
[20240913689-00] 중앙보훈병원 별관 그린리모델링 설계 용역(사업수행능력평가 후 가격입찰),한국보훈복지의료공단 중앙보훈병원,2024/09/30 15:25,2024/10/08 10:00
[20240927843-01] 일곡 생활문화센터 및 다함께돌봄센터 조성사업 설계공모,광주광역시 북구,2024/09/30 15:19,-
[20240927799-00] 목포 실내수영장 지붕 보수보강공사 실시설계 용역,전라남도 목포시,2024/09/30 15:15,2024/10/08 10:00
[20240927804-00] 입장도서관 건립공사 건축 및 인테리어 설계용역(설계공모),충청남도 천안시,2024/09/30 15:10,-
[20240926826-00] [PQ 후 가격입찰]세종특별자치시 수도정비 기본계획(변경) 수립용역,세종특별자치시 상하수도사업소,2024/09/30 14:53,2024/10/07 16:00
[20240927439-00] 여청2호 1종중간검사 대비 수리용역(선체·기관),해양환경공단 여수지사,2024/09/30 14:53,2024/10/08 14:00
[20240926114-00] 부산명지 A-5BL 아파트 2공구 시공단계 감독권한대행 등 건설사업관리용역,한국토지주택공사,2024/09/30 14:50,2024/11/06 17:00
[20240927606-00] 글로벌 표준 뱅킹시스템 재구축을 위한 개발사업 및 PMO사업 통합 위탁감리,한국산업은행,2024/09/30 14:27,2024/10/23 15:00
[20240927173-00] 2024년 하반기 6급 미래인재 성장과정 리더십 테마체험(제주도) 위탁용역 2단계 ...,경기도교육청 경기도교육청율곡연수원,2024/09/30 14:18,2024/10/14 12:00
[20240922844-00] 2024학년도 제석초등학교 수학여행 위탁용역,경상남도교육청 경상남도통영교육지원청 제석초등학교,2024/09/30 14:09,2024/10/11 10:00
"[20240926846-00] 하남교산 공공주택지구(2공구, 춘궁동) 건설폐기물(소각) 위탁처리용역(새로공고)",하남도시공사,2024/09/30 13:54,2024/10/11 10:00
[20240927498-00] 읍내동 사거리 회전교차로 설치공사 건설폐기물 처리용역,충청남도 아산시 미래도시관리사업소,2024/09/30 13:52,2024/10/08 16:30
"[20240926901-00] 평택고덕 Ab-37, Aa-38 BL 시공단계 감독권한대행 등 (통합)건설사업관리용역",한국토지주택공사,2024/09/30 13:31,2024/11/01 17:00
[20240927011-00] 경산대임 A-1BL 및 A-2BL 아파트 시공단계 감독권한대행 등 통합건설사업관리용역,한국토지주택공사,2024/09/30 13:15,2024/11/06 17:00
[20240925383-00] 부산모라 아파트 및 주거지원종합센터 감독권한대행 등 건설사업관리용역,한국토지주택공사,2024/09/30 13:14,2024/11/04 17:00
[20240927386-00] 남원시 공공산후조리원 건립사업 건축공사 상주감리용역(입찰대행/긴급),전라북도 남원시,2024/09/30 13:06,2024/10/07 12:00
[20240926993-00] 2024년 버스정보시스템(BIS) 신규 및 확대구축 용역,한국교통안전공단,2024/09/30 11:34,2024/10/02 12:00
[20240926976-00] 모빌리티 전자파 안전성 평가 지원센터 기본 및 실시설계 용역 (가격입찰 후 P.Q),(재)지능형자동차부품진흥원,2024/09/30 11:33,2024/10/11 10:00
[20240927295-00] 김천시 스마트 과수거점APC 건립 기본 및 실시설계용역,경상북도 김천시,2024/09/30 11:32,-
[20240927102-00] 장성 월산마을 취약지역 생활여건 개조사업 빈집철거 폐기물 처리용역,전라남도 장성군,2024/09/30 10:37,2024/10/08 10:00
[20240926833-00] 남부도로사업소 청사 이전공사 설계용역,서울특별시 도시기반시설본부,2024/09/30 10:36,2024/09/30 15:00
[20240925124-01] 군산대성중학교 본관동 증.개축 설계 제안 공모,전북특별자치도교육청 전북특별자치도군산교육지원청 군산대성중학교,2024/09/30 10:15,-
[20240927001-00] 2024 대구 국제 기계산업대전 블록부스 설치용역,(주)엑스코,2024/09/30 10:11,2024/10/10 10:00
[20240926975-00] 2024 대구 국제 기계산업대전 전시부스 설치용역,(주)엑스코,2024/09/30 10:03,2024/10/10 10:00
[20240926603-00] 소양촉진4구역 도시개발사업 실시계획(변경) 용역,강원특별자치도 춘천시,2024/09/30 10:02,2024/10/08 10:00
[20240926969-00] 강원특별자치도재활병원 [외주용역비] Triglyceride 외 82 건,강원특별자치도재활병원,2024/09/30 10:01,-
[20240924169-00] (긴급) 키르기즈스탄 국립병원 개선사업 F/S(타당성조사) 용역,한국수출입은행,2024/09/30 09:28,2024/11/01 17:00
"[20240926800-00] 천왕연지마을1,2단지 공동주택 위수탁관리용역",서울주택도시공사,2024/09/30 09:18,2024/10/11 10:00
"[20240926771-00] 고척리본타운, 천왕이펜하우스7단지 공동주택 위수탁관리용역",서울주택도시공사,2024/09/30 09:09,2024/10/11 10:00
